Yorum,Duygu,Temizlenmis_Yorum,Temizlenmis_Yorum_Stopless,Lemmatize_Yorum
Geleceği düşünmek beni her geçen gün daha fazla kaygılandırıyor.,kaygılı,geleceği düşünmek beni geçen gün fazla kaygılandırıyor,geleceği düşünmek beni geçen gün fazla kaygılandırıyor,gelecek düşün ben geçen gün fazla kaygılan
Uyandığımda içimde bir tedirginlik oluyor.,kaygılı,uyandığımda içimde tedirginlik oluyor,uyandığımda içimde tedirginlik oluyor,uyan içim tedirgin ol
Sabahları uyanmak bile artık içimde büyük bir endişe yaratıyor.,kaygılı,sabahları uyanmak bile artık içimde büyük endişe yaratıyor,sabahları uyanmak içimde büyük endişe yaratıyor,sabah uyan bile artık içim büyük endişe yarat
Uyandığımda içimde bir tedirginlik oluyor.,kaygılı,uyandığımda içimde tedirginlik oluyor,uyandığımda içimde tedirginlik oluyor,uyan içim tedirgin ol
Sınav günü yaklaştıkça kalbim yerinden çıkacak gibi oluyor.,kaygılı,sınav günü yaklaştıkça kalbim yerinden çıkacak oluyor,sınav günü yaklaştıkça kalbim yerinden çıkacak oluyor,sınav gün yaklaş kalp yer çık ol
Başkalarının fikirleri beni çok etkiliyor.,kaygılı,başkalarının fikirleri beni etkiliyor,başkalarının fikirleri beni etkiliyor,başka fikir ben etkile
İş yerindeki performans baskısı yüzünden sürekli diken üzerindeyim.,kaygılı,i̇ş yerindeki performans baskısı yüzünden sürekli diken üzerindeyim,i̇ş yerindeki performans baskısı sürekli diken üzerindeyim,UNK yer performans baskı yüz sürekli diken üzeri
Bazen kaygının nedenini bile bilmiyorum ama içim rahat değil.,kaygılı,bazen kaygının nedenini bile bilmiyorum içim rahat değil,bazen kaygının nedenini bilmiyorum içim rahat değil,bazen kaygı neden bile bil içim rahat değil
Bir şeyleri kaçırıyormuşum hissi beni yiyor bitiriyor.,kaygılı,şeyleri kaçırıyormuşum hissi beni yiyor bitiriyor,şeyleri kaçırıyormuşum hissi beni yiyor bitiriyor,şey kaçır hissi ben ye bitir
Kafamın içi hiç durmadan konuşuyor.,kaygılı,kafamın içi durmadan konuşuyor,kafamın içi durmadan konuşuyor,kafa iç dur konuş
Sosyal ortamlarda hep yanlış bir şey söyleyecekmişim gibi kaygılanıyorum.,kaygılı,sosyal ortamlarda hep yanlış şey söyleyecekmişim kaygılanıyorum,sosyal ortamlarda yanlış şey söyleyecekmişim kaygılanıyorum,sosyal ortam hep yanlış şey söyle kaygılan
Çok kalabalık ortamlar beni rahatsız ediyor.,kaygılı,kalabalık ortamlar beni rahatsız ediyor,kalabalık ortamlar beni rahatsız ediyor,kalabalık ortam ben rahat et
Telefonum çaldığında bile kötü bir haber alacakmışım gibi hissediyorum.,kaygılı,telefonum çaldığında bile kötü haber alacakmışım hissediyorum,telefonum çaldığında kötü haber alacakmışım hissediyorum,telefon çal bile kötü haber al hisset
Bir şeyleri unuttuğumda başıma kötü bir şey gelecekmiş gibi hissediyorum.,kaygılı,şeyleri unuttuğumda başıma kötü şey gelecekmiş hissediyorum,şeyleri unuttuğumda başıma kötü şey gelecekmiş hissediyorum,şey unut baş kötü şey gel hisset
Ailem için yeterince iyi olmadığımı düşündükçe panik oluyorum.,kaygılı,ailem yeterince iyi olmadığımı düşündükçe panik oluyorum,ailem yeterince iyi olmadığımı düşündükçe panik oluyorum,aile yeterince iyi ol düşün panik ol
Sürekli tetikte olmak çok yorucu.,kaygılı,sürekli tetikte olmak yorucu,sürekli tetikte olmak yorucu,sürekli tetik ol yor
"Kalabalık yerlerde nefes almakta zorlanıyorum, kaygı basıyor.",kaygılı,kalabalık yerlerde nefes almakta zorlanıyorum kaygı basıyor,kalabalık yerlerde nefes almakta zorlanıyorum kaygı basıyor,kalabalık yer nefes al zorla kaygı bas
Yalnız kalınca düşüncelerim daha da artıyor.,kaygılı,yalnız kalınca düşüncelerim artıyor,yalnız kalınca düşüncelerim artıyor,yalnız kalın düşünce art
Yarın ne olacağını bilememek beni içten içe yıpratıyor.,kaygılı,yarın olacağını bilememek beni içten içe yıpratıyor,yarın olacağını bilememek beni içten içe yıpratıyor,yarın ol bil ben içten iç yıprat
Bir hata yaparsam herkes beni yargılar diye korkuyorum.,kaygılı,hata yaparsam herkes beni yargılar diye korkuyorum,hata yaparsam beni yargılar korkuyorum,hata yap herkes ben yargı diye kork
Geceleri kaygı yüzünden uyuyamıyorum.,kaygılı,geceleri kaygı yüzünden uyuyamıyorum,geceleri kaygı uyuyamıyorum,gece kaygı yüz uyu
Kendi duygularımı kontrol edememek beni endişelendiriyor.,kaygılı,kendi duygularımı kontrol edememek beni endişelendiriyor,kendi duygularımı kontrol edememek beni endişelendiriyor,kendi duygu kontrol et ben endişe
Sürekli olarak her şeyin kötü gideceğini düşünüyorum.,kaygılı,sürekli olarak şeyin kötü gideceğini düşünüyorum,sürekli olarak şeyin kötü gideceğini düşünüyorum,sürekli ol şey kötü git düşün
Başarısız olma korkusu beni felç ediyor.,kaygılı,başarısız olma korkusu beni felç ediyor,başarısız olma korkusu beni felç ediyor,başarı ol korku ben felç et
İnsanların ne düşündüğü konusunda fazla kafa yoruyorum.,kaygılı,i̇nsanların düşündüğü konusunda fazla kafa yoruyorum,i̇nsanların düşündüğü konusunda fazla kafa yoruyorum,UNK düşün konu fazla kafa yor
"Gerginliğim yüzüme vuruyor, insanlar fark ediyor.",kaygılı,gerginliğim yüzüme vuruyor insanlar fark ediyor,gerginliğim yüzüme vuruyor insanlar fark ediyor,gergin yüz vur insan fark et
Geçmişte yaptığım hatalar aklıma geldikçe kendime kızıyorum.,kaygılı,geçmişte yaptığım hatalar aklıma geldikçe kendime kızıyorum,geçmişte yaptığım hatalar aklıma geldikçe kendime kızıyorum,geçmiş yap hata akıl gel kendi kız
İş yerinde küçük bir hata bile beni günlerce etkiliyor.,kaygılı,i̇ş yerinde küçük hata bile beni günlerce etkiliyor,i̇ş yerinde küçük hata beni günlerce etkiliyor,UNK yerinde küçük hata bile ben gün etkile
Ani sesler beni anında panikletiyor.,kaygılı,ani sesler beni anında panikletiyor,ani sesler beni anında panikletiyor,ani ses ben an panikle
Topluluk içinde konuşurken boğazım düğümleniyor.,kaygılı,topluluk içinde konuşurken boğazım düğümleniyor,topluluk içinde konuşurken boğazım düğümleniyor,topluluk iç konuş boğaz düğümle
"Sosyal medya beni sürekli kaygılandırıyor, herkes mükemmel gibi.",kaygılı,sosyal medya beni sürekli kaygılandırıyor herkes mükemmel,sosyal medya beni sürekli kaygılandırıyor mükemmel,sosyal medya ben sürekli kaygılan herkes mükemmel
Gelecek planı yapmak imkansız gibi geliyor.,kaygılı,gelecek planı yapmak imkansız geliyor,gelecek planı yapmak imkansız geliyor,gel plan yap imkan gel
Uçak yolculuğu öncesi karnıma ağrılar giriyor.,kaygılı,uçak yolculuğu öncesi karnıma ağrılar giriyor,uçak yolculuğu öncesi karnıma ağrılar giriyor,uçak yolcu önce karın ağrı gir
"Yetişememekten, geç kalmaktan sürekli kaygılanıyorum.",kaygılı,yetişememekten geç kalmaktan sürekli kaygılanıyorum,yetişememekten geç kalmaktan sürekli kaygılanıyorum,yetiş geç kal sürekli kaygılan
Sevdiklerime bir şey olacak diye sürekli endişeleniyorum.,kaygılı,sevdiklerime şey olacak diye sürekli endişeleniyorum,sevdiklerime şey olacak sürekli endişeleniyorum,sev şey ol diye sürekli endişe
Her şey kontrolümden çıkacakmış gibi hissediyorum.,kaygılı,şey kontrolümden çıkacakmış hissediyorum,şey kontrolümden çıkacakmış hissediyorum,şey kontrol çık hisset
Yanlış anlaşılmaktan korkuyorum.,kaygılı,yanlış anlaşılmaktan korkuyorum,yanlış anlaşılmaktan korkuyorum,yanlış anlaş kork
İnsanlarla yüz yüze gelmek beni yoruyor.,kaygılı,i̇nsanlarla yüz yüze gelmek beni yoruyor,i̇nsanlarla yüz yüze gelmek beni yoruyor,UNK yüz yüz gel ben yor
Evden çıkmadan önce her şeyi defalarca kontrol ediyorum.,kaygılı,evden çıkmadan önce şeyi defalarca kontrol ediyorum,evden çıkmadan önce şeyi defalarca kontrol ediyorum,ev çık önce şe defalarca kontrol et
Telefon konuşmaları bile beni geriyor.,kaygılı,telefon konuşmaları bile beni geriyor,telefon konuşmaları beni geriyor,telefon konuş bile ben ger
Yeni biriyle tanışmak bana büyük kaygı veriyor.,kaygılı,yeni biriyle tanışmak bana büyük kaygı veriyor,yeni biriyle tanışmak bana büyük kaygı veriyor,yeni biri tanış ben büyük kaygı ver
Kaygı geldiğinde başım dönmeye başlıyor.,kaygılı,kaygı geldiğinde başım dönmeye başlıyor,kaygı geldiğinde başım dönmeye başlıyor,kaygı gel baş dönme başla
"Geleceğe dair hiçbir plan yapamıyorum, her şey belirsiz.",kaygılı,geleceğe dair hiçbir plan yapamıyorum şey belirsiz,geleceğe dair hiçbir plan yapamıyorum şey belirsiz,gelecek dair hiçbir plan yap şey belirsiz
Önemli kararlar verirken kendime hiç güvenemiyorum.,kaygılı,önemli kararlar verirken kendime güvenemiyorum,önemli kararlar verirken kendime güvenemiyorum,önem karar ver kendi güven
En ufak başarısızlık beni haftalarca huzursuz ediyor.,kaygılı,ufak başarısızlık beni haftalarca huzursuz ediyor,ufak başarısızlık beni haftalarca huzursuz ediyor,ufak başarı ben hafta huzur et
Sürekli bir şeyleri kaçırıyormuşum gibi hissediyorum.,kaygılı,sürekli şeyleri kaçırıyormuşum hissediyorum,sürekli şeyleri kaçırıyormuşum hissediyorum,sürekli şey kaçır hisset
İş görüşmelerinde elim ayağım titriyor.,kaygılı,i̇ş görüşmelerinde elim ayağım titriyor,i̇ş görüşmelerinde elim ayağım titriyor,UNK görüşme el ayak titre
Bu dünyada yerim yokmuş gibi hissediyorum.,kaygılı,dünyada yerim yokmuş hissediyorum,dünyada yerim yokmuş hissediyorum,dünya ye yok hisset
Konuşurken sesimin titrediğini fark ettikçe daha çok panikliyorum.,kaygılı,konuşurken sesimin titrediğini fark ettikçe panikliyorum,konuşurken sesimin titrediğini fark ettikçe panikliyorum,konuş ses titre fark et panikle
Hiçbir şeyden keyif alamaz hale geldim.,kaygılı,hiçbir şeyden keyif alamaz hale geldim,hiçbir şeyden keyif alamaz hale geldim,hiçbir şey keyif al hal gel
Kimseyi hayal kırıklığına uğratmak istemiyorum ama hep kaygılıyım.,kaygılı,kimseyi hayal kırıklığına uğratmak istemiyorum hep kaygılıyım,kimseyi hayal kırıklığına uğratmak istemiyorum kaygılıyım,kimse hayal kırık uğra iste hep kaygı
Ailem bana güvensin istiyorum ama hata yapacağım diye korkuyorum.,kaygılı,ailem bana güvensin istiyorum hata yapacağım diye korkuyorum,ailem bana güvensin istiyorum hata yapacağım korkuyorum,aile ben güven iste hata yap diye kork
Alışverişe çıktığımda bile insanların bakışlarından rahatsız oluyorum.,kaygılı,alışverişe çıktığımda bile insanların bakışlarından rahatsız oluyorum,alışverişe çıktığımda insanların bakışlarından rahatsız oluyorum,alışveriş çık bile insan bak rahat ol
Uyumadan önce kafamın içi durmuyor.,kaygılı,uyumadan önce kafamın içi durmuyor,uyumadan önce kafamın içi durmuyor,uyu önce kafa iç dur
Kalp çarpıntılarım bazen durduk yere başlıyor.,kaygılı,kalp çarpıntılarım bazen durduk yere başlıyor,kalp çarpıntılarım bazen durduk yere başlıyor,kalp çarpıntı bazen dur yer başla
İlişkilerde hep terk edilmekten korkuyorum.,kaygılı,i̇lişkilerde hep terk edilmekten korkuyorum,i̇lişkilerde terk edilmekten korkuyorum,UNK hep terk et kork
Bir hata yaptığımda kendimi affedemiyorum.,kaygılı,hata yaptığımda kendimi affedemiyorum,hata yaptığımda kendimi affedemiyorum,hata yap kendi affet
Güvende değilim hissi sürekli içimde.,kaygılı,güvende değilim hissi sürekli içimde,güvende değilim hissi sürekli içimde,güven değil hissi sürekli içim
Gece yatağa girince aklıma binlerce olumsuz senaryo geliyor.,kaygılı,gece yatağa girince aklıma binlerce olumsuz senaryo geliyor,gece yatağa girince aklıma binlerce olumsuz senaryo geliyor,gece yatak gir akıl binlerce olumsuz senaryo gel
Düşüncelerim bana zarar veriyor gibi hissediyorum.,kaygılı,düşüncelerim bana zarar veriyor hissediyorum,düşüncelerim bana zarar veriyor hissediyorum,düşünce ben zarar ver hisset
Her zaman hazırlıklı olmalıyım hissi beni yoruyor.,kaygılı,zaman hazırlıklı olmalıyım hissi beni yoruyor,zaman hazırlıklı olmalıyım hissi beni yoruyor,zaman hazırlık ol hissi ben yor
Her an ağlayacak gibi hissediyorum.,kaygılı,an ağlayacak hissediyorum,an ağlayacak hissediyorum,an ağla hisset
Herkes benden bir şey bekliyormuş gibi hissediyorum.,kaygılı,herkes benden şey bekliyormuş hissediyorum,benden şey bekliyormuş hissediyorum,herkes ben şey bekle hisset
Geleceğim yokmuş gibi hissediyorum.,kaygılı,geleceğim yokmuş hissediyorum,geleceğim yokmuş hissediyorum,gel yok hisset
Sürekli kötü şeyler olacakmış gibi bir korku içindeyim.,kaygılı,sürekli kötü şeyler olacakmış korku içindeyim,sürekli kötü şeyler olacakmış korku içindeyim,sürekli kötü şey ol korku iç
Başkalarına göre yetersizim gibi geliyor.,kaygılı,başkalarına yetersizim geliyor,başkalarına göre yetersizim geliyor,başka yetersiz gel
Zamanla yarışıyormuşum gibi hissediyorum.,kaygılı,zamanla yarışıyormuşum hissediyorum,zamanla yarışıyormuşum hissediyorum,zaman yarış hisset
Toplantılar bana işkence gibi geliyor.,kaygılı,toplantılar bana işkence geliyor,toplantılar bana işkence geliyor,toplantı ben işkence gel
Dışarıda yalnız yürürken arkamda biri varmış gibi hissediyorum.,kaygılı,dışarıda yalnız yürürken arkamda biri varmış hissediyorum,dışarıda yalnız yürürken arkamda biri varmış hissediyorum,dışarı yalnız yürü arka biri var hisset
Kaygı atağı geldiğinde hiçbir şey düşünemiyorum.,kaygılı,kaygı atağı geldiğinde hiçbir şey düşünemiyorum,kaygı atağı geldiğinde hiçbir şey düşünemiyorum,kaygı atak gel hiçbir şey düşün
"Sunum yapmadan önce ellerim terliyor, dilim dolanıyor.",kaygılı,sunum yapmadan önce ellerim terliyor dilim dolanıyor,sunum yapmadan önce ellerim terliyor dilim dolanıyor,sunu yap önce el terle dilim dolan
Gelecekle ilgili düşününce mideme ağrılar giriyor.,kaygılı,gelecekle ilgili düşününce mideme ağrılar giriyor,gelecekle ilgili düşününce mideme ağrılar giriyor,gelecek ilgili düşün mide ağrı gir
Sağlık kontrollerinden hep kötü bir sonuç çıkacak sanıyorum.,kaygılı,sağlık kontrollerinden hep kötü sonuç çıkacak sanıyorum,sağlık kontrollerinden kötü sonuç çıkacak sanıyorum,sağlık kontrol hep kötü sonuç çık san
Her şey yolunda gitse bile kötü bir şey olacak diye korkuyorum.,kaygılı,şey yolunda gitse bile kötü şey olacak diye korkuyorum,şey yolunda gitse kötü şey olacak korkuyorum,şey yol git bile kötü şey ol diye kork
Kendi kendime konuştuğumu fark ettiğimde bile endişeleniyorum.,kaygılı,kendi kendime konuştuğumu fark ettiğimde bile endişeleniyorum,kendi kendime konuştuğumu fark ettiğimde endişeleniyorum,kendi kendi konuş fark et bile endişe
Kendime haksızlık ettiğimi fark ediyorum ama duramıyorum.,kaygılı,kendime haksızlık ettiğimi fark ediyorum duramıyorum,kendime haksızlık ettiğimi fark ediyorum duramıyorum,kendi hak et fark et dur
Zamanında yetiştiremezsem ne olur korkusu sürekli aklımda.,kaygılı,zamanında yetiştiremezsem olur korkusu sürekli aklımda,zamanında yetiştiremezsem olur korkusu sürekli aklımda,zaman yetiş ol korku sürekli akıl
Küçük detaylar bile beni çok düşündürüyor.,kaygılı,küçük detaylar bile beni düşündürüyor,küçük detaylar beni düşündürüyor,küçük detay bile ben düşün
Mesajıma geç cevap gelince bir şey mi oldu acaba diye düşünüyorum.,kaygılı,mesajıma geç cevap gelince şey oldu acaba diye düşünüyorum,mesajıma geç cevap gelince şey oldu acaba düşünüyorum,mesaj geç cevap gel şey ol acaba diye düşün
Kalabalıkta yürürken başım dönüyor.,kaygılı,kalabalıkta yürürken başım dönüyor,kalabalıkta yürürken başım dönüyor,kalabalık yürü baş dön
İnsanların arasında kendimi küçülmüş hissediyorum.,kaygılı,i̇nsanların arasında kendimi küçülmüş hissediyorum,i̇nsanların arasında kendimi küçülmüş hissediyorum,UNK ara kendi küçül hisset
Duygularımı gizlemeye çalışmak bile yoruyor.,kaygılı,duygularımı gizlemeye çalışmak bile yoruyor,duygularımı gizlemeye çalışmak yoruyor,duygu gizle çalış bile yor
Sessiz ortamlarda bile bir şeylerin ters gideceğini düşünüyorum.,kaygılı,sessiz ortamlarda bile şeylerin ters gideceğini düşünüyorum,sessiz ortamlarda şeylerin ters gideceğini düşünüyorum,ses ortam bile şey ters git düşün
Sürekli en kötü senaryoyu kuruyorum kafamda.,kaygılı,sürekli kötü senaryoyu kuruyorum kafamda,sürekli kötü senaryoyu kuruyorum kafamda,sürekli kötü senaryo kur kafa
Sırada beklerken bile içim daralıyor.,kaygılı,sırada beklerken bile içim daralıyor,sırada beklerken içim daralıyor,sıra bekle bile içim daral
İçimde garip bir baskı hissi var.,kaygılı,i̇çimde garip baskı hissi var,i̇çimde garip baskı hissi var,UNK garip baskı hissi var
"Metroya binerken içim sıkılıyor, ya çıkamazsam diye korkuyorum.",kaygılı,metroya binerken içim sıkılıyor çıkamazsam diye korkuyorum,metroya binerken içim sıkılıyor çıkamazsam korkuyorum,metro bin içim sıkıl çık diye kork
Herkesin beni izlediğini sanıyorum.,kaygılı,herkesin beni izlediğini sanıyorum,herkesin beni izlediğini sanıyorum,herkes ben izle san
Bir toplantı öncesi dakikalar geçmek bilmiyor.,kaygılı,toplantı öncesi dakikalar geçmek bilmiyor,toplantı öncesi dakikalar geçmek bilmiyor,toplantı önce dakika geç bil
Sosyal medyada paylaştığım bir şey yanlış anlaşılır mı diye kaygılanıyorum.,kaygılı,sosyal medyada paylaştığım şey yanlış anlaşılır diye kaygılanıyorum,sosyal medyada paylaştığım şey yanlış anlaşılır kaygılanıyorum,sosyal medya paylaş şey yanlış anlaş diye kaygılan
Tanımadığım biriyle konuşurken bile tedirgin oluyorum.,kaygılı,tanımadığım biriyle konuşurken bile tedirgin oluyorum,tanımadığım biriyle konuşurken tedirgin oluyorum,tanı biri konuş bile tedirgin ol
Kendime güvenememek her şeyi zorlaştırıyor.,kaygılı,kendime güvenememek şeyi zorlaştırıyor,kendime güvenememek şeyi zorlaştırıyor,kendi güven şe zor
Dış görünüşüm hakkında hep endişeliyim.,kaygılı,dış görünüşüm hakkında hep endişeliyim,dış görünüşüm hakkında endişeliyim,dış görün hak hep endişe
Duygularımı kimse anlamıyor gibi hissediyorum.,kaygılı,duygularımı kimse anlamıyor hissediyorum,duygularımı anlamıyor hissediyorum,duygu kimse anla hisset
Çalışmalarım yeterli mi diye sürekli düşünmekten yoruldum.,kaygılı,çalışmalarım yeterli diye sürekli düşünmekten yoruldum,çalışmalarım yeterli sürekli düşünmekten yoruldum,çalış yeterli diye sürekli düşün yor
Sorumluluklarım arttıkça kaygım da artıyor.,kaygılı,sorumluluklarım arttıkça kaygım artıyor,sorumluluklarım arttıkça kaygım artıyor,sorumluluk art kaygı art
Her şeyin mükemmel olması gerektiğini düşünüyorum.,kaygılı,şeyin mükemmel olması gerektiğini düşünüyorum,şeyin mükemmel olması gerektiğini düşünüyorum,şey mükemmel ol gerek düşün
"Geleceğe dair hiçbir şeyin garantisi yok, bu beni korkutuyor.",kaygılı,geleceğe dair hiçbir şeyin garantisi yok beni korkutuyor,geleceğe dair hiçbir şeyin garantisi yok beni korkutuyor,gelecek dair hiçbir şey garanti yok ben korkut
Hiçbir şeyi tam yapamıyor gibi hissediyorum.,kaygılı,hiçbir şeyi tam yapamıyor hissediyorum,hiçbir şeyi tam yapamıyor hissediyorum,hiçbir şe tam yap hisset
Kaygı beni ele geçirmiş gibi hissediyorum.,kaygılı,kaygı beni ele geçirmiş hissediyorum,kaygı beni ele geçirmiş hissediyorum,kaygı ben el geçir hisset
"Üzerimde sürekli bir baskı hissediyorum, bu stres beni tüketiyor.",stresli,üzerimde sürekli baskı hissediyorum stres beni tüketiyor,üzerimde sürekli baskı hissediyorum stres beni tüketiyor,üzeri sürekli baskı hisset stres ben tüket
"Ofisteki ortam aşırı gergin, huzursuzum.",stresli,ofisteki ortam aşırı gergin huzursuzum,ofisteki ortam aşırı gergin huzursuzum,ofis ortam aşırı gergin huzur
İş yerindeki teslim tarihleri yüzünden nefes alamıyorum.,stresli,i̇ş yerindeki teslim tarihleri yüzünden nefes alamıyorum,i̇ş yerindeki teslim tarihleri nefes alamıyorum,UNK yer teslim tarih yüz nefes al
Evin geçimi için sürekli plan yapmam gerek.,stresli,evin geçimi sürekli plan yapmam gerek,evin geçimi sürekli plan yapmam gerek,ev geçim sürekli plan yap gerek
"Geceleri düşünmekten uyuyamıyorum, stresim hiç geçmiyor.",stresli,geceleri düşünmekten uyuyamıyorum stresim geçmiyor,geceleri düşünmekten uyuyamıyorum stresim geçmiyor,gece düşün uyu stres geç
Kendimi sıkışmış gibi hissediyorum.,stresli,kendimi sıkışmış hissediyorum,kendimi sıkışmış hissediyorum,kendi sıkış hisset
Her gün işe gitmek beni daha fazla geriyor.,stresli,gün işe gitmek beni fazla geriyor,gün işe gitmek beni fazla geriyor,gün iş git ben fazla ger
Tek başıma bu kadar yükü taşıyamam.,stresli,tek başıma yükü taşıyamam,tek başıma yükü taşıyamam,tek baş yük taşı
Hayatımda her şey üstüme üstüme geliyor.,stresli,hayatımda şey üstüme üstüme geliyor,hayatımda şey üstüme üstüme geliyor,hayat şey üst üst gel
Dinlenmeye zamanım kalmadı.,stresli,dinlenmeye zamanım kalmadı,dinlenmeye zamanım kalmadı,dinlen zaman kal
"Zaman yetmiyor, gün içinde sürekli koşturuyorum.",stresli,zaman yetmiyor gün içinde sürekli koşturuyorum,zaman yetmiyor gün içinde sürekli koşturuyorum,zaman yet gün iç sürekli koştur
Ufacık detaylara bile kafayı takar oldum.,stresli,ufacık detaylara bile kafayı takar oldum,ufacık detaylara kafayı takar oldum,ufacık detay bile kafa tak ol
"Sınav haftası boyunca midem ağrıyor, stresten yemek bile yiyemiyorum.",stresli,sınav haftası boyunca midem ağrıyor stresten yemek bile yiyemiyorum,sınav haftası boyunca midem ağrıyor stresten yemek yiyemiyorum,sınav hafta boyunca mide ağrı stres yemek bile ye
Kendime ayıracak 5 dakikam bile yok.,stresli,kendime ayıracak 5 dakikam bile yok,kendime ayıracak 5 dakikam yok,kendi ayır 5 dakika bile yok
"Her gün işe gitmeden önce karnım ağrıyor, stres bedenimi ele geçirmiş.",stresli,gün işe gitmeden önce karnım ağrıyor stres bedenimi ele geçirmiş,gün işe gitmeden önce karnım ağrıyor stres bedenimi ele geçirmiş,gün iş git önce karın ağrı stres beden el geçir
İnsanlardan uzak kalmak istiyorum.,stresli,i̇nsanlardan uzak kalmak istiyorum,i̇nsanlardan uzak kalmak istiyorum,UNK uzak kal iste
"Sürekli yetiştirmem gereken şeyler var, kafam hiç rahat değil.",stresli,sürekli yetiştirmem gereken şeyler var kafam rahat değil,sürekli yetiştirmem gereken şeyler var kafam rahat değil,sürekli yetiş gerek şey var kafa rahat değil
Stres artık normalim oldu.,stresli,stres artık normalim oldu,stres normalim oldu,stres artık normal ol
"Gün boyu hiçbir şey yapmasam da bitkinim, bu stres beni mahvediyor.",stresli,gün boyu hiçbir şey yapmasam bitkinim stres beni mahvediyor,gün boyu hiçbir şey yapmasam bitkinim stres beni mahvediyor,gün boy hiçbir şey yap bitkin stres ben mahvet
Herkese yetişmeye çalışmaktan yoruldum.,stresli,herkese yetişmeye çalışmaktan yoruldum,herkese yetişmeye çalışmaktan yoruldum,herkes yetiş çalış yor
İnsanlarla uğraşmak beni inanılmaz geriyor.,stresli,i̇nsanlarla uğraşmak beni inanılmaz geriyor,i̇nsanlarla uğraşmak beni inanılmaz geriyor,UNK uğraş ben inan ger
Çok az uyuyorum ama hala işler birikiyor.,stresli,uyuyorum hala işler birikiyor,uyuyorum işler birikiyor,uy hala iş birik
Patronun beklentileri beni baskı altında hissettiriyor.,stresli,patronun beklentileri beni baskı altında hissettiriyor,patronun beklentileri beni baskı altında hissettiriyor,patron beklenti ben baskı alt hisset
Kalbim gün içinde aniden hızlı atmaya başlıyor.,stresli,kalbim gün içinde aniden hızlı atmaya başlıyor,kalbim gün içinde aniden hızlı atmaya başlıyor,kalp gün iç aniden hız at başla
"Çok fazla sorumluluğum var, hangisini önce yapacağımı bilemiyorum.",stresli,fazla sorumluluğum var hangisini önce yapacağımı bilemiyorum,fazla sorumluluğum var hangisini önce yapacağımı bilemiyorum,fazla sorumluluk var hangi önce yap bil
Telefona bakarken bile içimde huzursuzluk oluyor.,stresli,telefona bakarken bile içimde huzursuzluk oluyor,telefona bakarken içimde huzursuzluk oluyor,telefon bak bile içim huzur ol
Annemle olan ilişkimiz beni sürekli strese sokuyor.,stresli,annemle olan ilişkimiz beni sürekli strese sokuyor,annemle olan ilişkimiz beni sürekli strese sokuyor,anne ol ilişki ben sürekli stres sok
Zamanla yarışır gibiyim.,stresli,zamanla yarışır gibiyim,zamanla yarışır gibiyim,zaman yarış gibi
İlişkimdeki belirsizlik beni çok yıpratıyor.,stresli,i̇lişkimdeki belirsizlik beni yıpratıyor,i̇lişkimdeki belirsizlik beni yıpratıyor,UNK belirsiz ben yıprat
İşe odaklanamıyorum çünkü sürekli aklım başka yerde.,stresli,i̇şe odaklanamıyorum sürekli aklım başka yerde,i̇şe odaklanamıyorum sürekli aklım başka yerde,UNK odakla sürekli akıl başka yer
Herkesin benden mükemmel olmamı beklemesi dayanılmaz.,stresli,herkesin benden mükemmel olmamı beklemesi dayanılmaz,herkesin benden mükemmel olmamı beklemesi dayanılmaz,herkes ben mükemmel ol bekle dayanılmaz
Sürekli tetikte olmak yıpratıcı.,stresli,sürekli tetikte olmak yıpratıcı,sürekli tetikte olmak yıpratıcı,sürekli tetik ol yıprat
Trafikte geçirdiğim zaman sinir sistemimi mahvediyor.,stresli,trafikte geçirdiğim zaman sinir sistemimi mahvediyor,trafikte geçirdiğim zaman sinir sistemimi mahvediyor,trafik geçir zaman sinir sistem mahvet
Okul-iş arasında gidip gelmek psikolojimi bozuyor.,stresli,okuliş arasında gidip gelmek psikolojimi bozuyor,okuliş arasında gidip gelmek psikolojimi bozuyor,UNK ara git gel psikoloji boz
Küçük şeyler bile beni çok kolay strese sokuyor.,stresli,küçük şeyler bile beni kolay strese sokuyor,küçük şeyler beni kolay strese sokuyor,küçük şey bile ben kolay stres sok
Sorumluluklarımı unutacağım korkusuyla her şeyi not alıyorum.,stresli,sorumluluklarımı unutacağım korkusuyla şeyi not alıyorum,sorumluluklarımı unutacağım korkusuyla şeyi not alıyorum,sorumluluk unut korku şe not al
Sürekli tetikte olmak zorundaymışım gibi hissediyorum.,stresli,sürekli tetikte olmak zorundaymışım hissediyorum,sürekli tetikte olmak zorundaymışım hissediyorum,sürekli tetik ol zor hisset
"İnsanlar beni anlamıyor, bu da beni strese sokuyor.",stresli,i̇nsanlar beni anlamıyor beni strese sokuyor,i̇nsanlar beni anlamıyor beni strese sokuyor,UNK ben anla ben stres sok
Maddi sıkıntılarım beni geceleri bile rahat bırakmıyor.,stresli,maddi sıkıntılarım beni geceleri bile rahat bırakmıyor,maddi sıkıntılarım beni geceleri rahat bırakmıyor,maddi sıkıntı ben gece bile rahat bırak
Kendimi hep eksik hissediyorum.,stresli,kendimi hep eksik hissediyorum,kendimi eksik hissediyorum,kendi hep eksik hisset
"Sınavdan önce ellerim terliyor, içimde tarif edilemez bir stres oluyor.",stresli,sınavdan önce ellerim terliyor içimde tarif edilemez stres oluyor,sınavdan önce ellerim terliyor içimde tarif edilemez stres oluyor,sınav önce el terle içim tarif et stres ol
Gülümsemeye çalışıyorum ama içim yanıyor.,stresli,gülümsemeye çalışıyorum içim yanıyor,gülümsemeye çalışıyorum içim yanıyor,gülümse çalış içim yan
Sosyal ortamlarda nasıl davranmam gerektiğini düşünmek bile yoruyor.,stresli,sosyal ortamlarda davranmam gerektiğini düşünmek bile yoruyor,sosyal ortamlarda davranmam gerektiğini düşünmek yoruyor,sosyal ortam davran gerek düşün bile yor
Sadece nefes almak bile yorucu geliyor.,stresli,sadece nefes almak bile yorucu geliyor,sadece nefes almak yorucu geliyor,sadece nefes al bile yor gel
Evdeki gürültü bile beni sinirlendirmeye başladı.,stresli,evdeki gürültü bile beni sinirlendirmeye başladı,evdeki gürültü beni sinirlendirmeye başladı,ev gürültü bile ben sinir başla
Mükemmel olmaya çalışırken kendimi kaybediyorum.,stresli,mükemmel olmaya çalışırken kendimi kaybediyorum,mükemmel olmaya çalışırken kendimi kaybediyorum,mükemmel ol çalış kendi kaybet
Telefona gelen her bildirim kalbimi hızlı attırıyor.,stresli,telefona gelen bildirim kalbimi hızlı attırıyor,telefona gelen bildirim kalbimi hızlı attırıyor,telefon gel bildirim kalp hız at
İnsanlarla yüzleşmek istemiyorum.,stresli,i̇nsanlarla yüzleşmek istemiyorum,i̇nsanlarla yüzleşmek istemiyorum,UNK yüzleş iste
Hatalarım yüzünden kendimi sürekli baskı altında hissediyorum.,stresli,hatalarım yüzünden kendimi sürekli baskı altında hissediyorum,hatalarım kendimi sürekli baskı altında hissediyorum,hata yüz kendi sürekli baskı alt hisset
"Bazen bağırmak istiyorum, içimde birikiyor.",stresli,bazen bağırmak istiyorum içimde birikiyor,bazen bağırmak istiyorum içimde birikiyor,bazen bağır iste içim birik
Artık hiçbir şeyi tam yapamıyorum gibi geliyor.,stresli,artık hiçbir şeyi tam yapamıyorum geliyor,hiçbir şeyi tam yapamıyorum geliyor,artık hiçbir şe tam yap gel
Her sabah uyanmak daha da zor geliyor.,stresli,sabah uyanmak zor geliyor,sabah uyanmak zor geliyor,sabah uyan zor gel
Arkadaşlarımın beklentilerini karşılayamamak beni üzüyor.,stresli,arkadaşlarımın beklentilerini karşılayamamak beni üzüyor,arkadaşlarımın beklentilerini karşılayamamak beni üzüyor,arkadaş beklenti karşıla ben üz
Duygularımı bastırmak beni daha çok yoruyor.,stresli,duygularımı bastırmak beni yoruyor,duygularımı bastırmak beni yoruyor,duygu bas ben yor
Sürekli bir şeyleri kaçırıyorum hissi içimde.,stresli,sürekli şeyleri kaçırıyorum hissi içimde,sürekli şeyleri kaçırıyorum hissi içimde,sürekli şey kaçır hissi içim
Kimseye hayır diyememek strese neden oluyor.,stresli,kimseye hayır diyememek strese oluyor,kimseye hayır diyememek strese oluyor,kimse hayır de stres ol
Her hafta toplantı hazırlığı yapmak beni geriyor.,stresli,hafta toplantı hazırlığı yapmak beni geriyor,hafta toplantı hazırlığı yapmak beni geriyor,hafta toplantı hazırlık yap ben ger
Başkalarının beklentileriyle yaşıyorum.,stresli,başkalarının beklentileriyle yaşıyorum,başkalarının beklentileriyle yaşıyorum,başka beklenti yaşa
İşe geç kalma korkusu stres yaratıyor.,stresli,i̇şe geç kalma korkusu stres yaratıyor,i̇şe geç kalma korkusu stres yaratıyor,UNK geç kal korku stres yarat
Her adımımı planlamazsam huzursuz oluyorum.,stresli,adımımı planlamazsam huzursuz oluyorum,adımımı planlamazsam huzursuz oluyorum,adım planla huzur ol
Geleceğe dair plan yapamamak beni endişelendiriyor.,stresli,geleceğe dair plan yapamamak beni endişelendiriyor,geleceğe dair plan yapamamak beni endişelendiriyor,gelecek dair plan yap ben endişe
Gün sonunda başım çatlıyor.,stresli,gün sonunda başım çatlıyor,gün sonunda başım çatlıyor,gün sonunda baş çatla
Her şeyden ben sorumluymuşum gibi davranıyorlar.,stresli,şeyden sorumluymuşum davranıyorlar,şeyden sorumluymuşum davranıyorlar,şey sorum davran
Sürekli kontrol etmeye çalışmak beni delirtmek üzere.,stresli,sürekli kontrol etmeye çalışmak beni delirtmek,sürekli kontrol etmeye çalışmak beni delirtmek,sürekli kontrol et çalış ben delir
Kendime hiç zaman ayıramamak beni daha da sinirlendiriyor.,stresli,kendime zaman ayıramamak beni sinirlendiriyor,kendime zaman ayıramamak beni sinirlendiriyor,kendi zaman ayır ben sinir
Herkese yetişmek mümkün değil ama yine de deniyorum.,stresli,herkese yetişmek mümkün değil yine deniyorum,herkese yetişmek mümkün değil yine deniyorum,herkes yetiş mümkün değil yine dene
Hayat kontrolümden çıkmış gibi hissediyorum.,stresli,hayat kontrolümden çıkmış hissediyorum,hayat kontrolümden çıkmış hissediyorum,hayat kontrol çık hisset
Rutinlerime küçük bir şey eklense tüm günüm mahvoluyor.,stresli,rutinlerime küçük şey eklense tüm günüm mahvoluyor,rutinlerime küçük şey eklense tüm günüm mahvoluyor,rutin küçük şey ekle tüm gün mahvol
"Evdeki işler hiç bitmiyor, hep bir telaşe içindeyim.",stresli,evdeki işler bitmiyor hep telaşe içindeyim,evdeki işler bitmiyor telaşe içindeyim,ev iş bit hep telaşe iç
Stres altında karar veremiyorum.,stresli,stres altında karar veremiyorum,stres altında karar veremiyorum,stres alt karar ver
Arkadaş grubumda bile sürekli geriliyorum.,stresli,arkadaş grubumda bile sürekli geriliyorum,arkadaş grubumda sürekli geriliyorum,arkadaş grup bile sürekli gerile
Dışarı çıkmadan önce saatlerce hazırlanıyorum çünkü stresli oluyorum.,stresli,dışarı çıkmadan önce saatlerce hazırlanıyorum stresli oluyorum,dışarı çıkmadan önce saatlerce hazırlanıyorum stresli oluyorum,dışarı çık önce saat hazırla stres ol
Sosyal medya bile artık stres kaynağı oldu.,stresli,sosyal medya bile artık stres kaynağı oldu,sosyal medya stres kaynağı oldu,sosyal medya bile artık stres kaynak ol
Elimden gelenin en iyisini yapıyorum ama yetmiyor gibi hissediyorum.,stresli,elimden gelenin iyisini yapıyorum yetmiyor hissediyorum,elimden gelenin iyisini yapıyorum yetmiyor hissediyorum,el geleni iyi yap yet hisset
Her gün aynı döngüde yaşamak beni yoruyor.,stresli,gün aynı döngüde yaşamak beni yoruyor,gün aynı döngüde yaşamak beni yoruyor,gün aynı döngü yaşa ben yor
Uyumadan önce yapılacaklar listesi aklımda dönüp duruyor.,stresli,uyumadan önce yapılacaklar listesi aklımda dönüp duruyor,uyumadan önce yapılacaklar listesi aklımda dönüp duruyor,uyu önce yap liste akıl dön dur
"Okulda proje teslim tarihleri üst üste geldi, başım dönüyor.",stresli,okulda proje teslim tarihleri üst üste geldi başım dönüyor,okulda proje teslim tarihleri üst üste geldi başım dönüyor,okul proje teslim tarih üst üste gel baş dön
Sürekli yeni bir sorumluluk yükleniyor.,stresli,sürekli yeni sorumluluk yükleniyor,sürekli yeni sorumluluk yükleniyor,sürekli yeni sorumluluk yükle
Düşünmekten başım ağrıyor.,stresli,düşünmekten başım ağrıyor,düşünmekten başım ağrıyor,düşün baş ağrı
İnsanlara hayır dediğimde suçluluk duyuyorum.,stresli,i̇nsanlara hayır dediğimde suçluluk duyuyorum,i̇nsanlara hayır dediğimde suçluluk duyuyorum,UNK hayır de suç duy
Her hafta sonu plan yapmak zorunda kalmak bile stresli.,stresli,hafta sonu plan yapmak zorunda kalmak bile stresli,hafta sonu plan yapmak zorunda kalmak stresli,hafta son plan yap zor kal bile stres
Ertelenmiş işler uykularımı kaçırıyor.,stresli,ertelenmiş işler uykularımı kaçırıyor,ertelenmiş işler uykularımı kaçırıyor,ertele iş uyku kaçır
Vücudumda stresin fiziksel etkilerini hissediyorum.,stresli,vücudumda stresin fiziksel etkilerini hissediyorum,vücudumda stresin fiziksel etkilerini hissediyorum,vücut stres fizik etki hisset
İş dışında da sürekli işle meşgulüm.,stresli,i̇ş dışında sürekli işle meşgulüm,i̇ş dışında sürekli işle meşgulüm,UNK dış sürekli iş meşgul
Her şeyin mükemmel olması gerektiğini düşünüyorum.,stresli,şeyin mükemmel olması gerektiğini düşünüyorum,şeyin mükemmel olması gerektiğini düşünüyorum,şey mükemmel ol gerek düşün
Kendimi hep yetersiz hissediyorum.,stresli,kendimi hep yetersiz hissediyorum,kendimi yetersiz hissediyorum,kendi hep yetersiz hisset
Ailemden gelen beklentiler beni ağırlaştırıyor.,stresli,ailemden gelen beklentiler beni ağırlaştırıyor,ailemden gelen beklentiler beni ağırlaştırıyor,aile gel beklenti ben ağır
Sürekli eleştirileceğim korkusuyla yaşıyorum.,stresli,sürekli eleştirileceğim korkusuyla yaşıyorum,sürekli eleştirileceğim korkusuyla yaşıyorum,sürekli eleştir korku yaşa
Evden çıkmadan önce ne giyeceğim bile beni geriyor.,stresli,evden çıkmadan önce giyeceğim bile beni geriyor,evden çıkmadan önce giyeceğim beni geriyor,ev çık önce giy bile ben ger
"Her şey birikiyor, içim şişiyor.",stresli,şey birikiyor içim şişiyor,şey birikiyor içim şişiyor,şey birik içim şiş
Topluluk önünde konuşmak bana dayanılmaz geliyor.,stresli,topluluk önünde konuşmak bana dayanılmaz geliyor,topluluk önünde konuşmak bana dayanılmaz geliyor,topluluk ön konuş ben dayanılmaz gel
Kaçmak istiyorum ama nereye bilmiyorum.,stresli,kaçmak istiyorum nereye bilmiyorum,kaçmak istiyorum nereye bilmiyorum,kaç iste nere bil
İç sesim beni hep daha fazlasını yapmaya zorluyor.,stresli,i̇ç sesim beni hep fazlasını yapmaya zorluyor,i̇ç sesim beni fazlasını yapmaya zorluyor,UNK ses ben hep fazla yap zorla
Dinlenmek istiyorum ama stres buna izin vermiyor.,stresli,dinlenmek istiyorum stres buna izin vermiyor,dinlenmek istiyorum stres buna izin vermiyor,dinlen iste stres bu izin ver
Her gün baş ağrısıyla uyanıyorum.,stresli,gün baş ağrısıyla uyanıyorum,gün baş ağrısıyla uyanıyorum,gün baş ağrı uyan
Sevdiklerime zaman ayıramamak vicdan azabı yaratıyor.,stresli,sevdiklerime zaman ayıramamak vicdan azabı yaratıyor,sevdiklerime zaman ayıramamak vicdan azabı yaratıyor,sev zaman ayır vicdan azap yarat
Kendimi toparlayacak gücü bulamıyorum.,stresli,kendimi toparlayacak gücü bulamıyorum,kendimi toparlayacak gücü bulamıyorum,kendi toparla güç bul
Bitmeyen sorumluluklar hayatımı zehir ediyor.,stresli,bitmeyen sorumluluklar hayatımı zehir ediyor,bitmeyen sorumluluklar hayatımı zehir ediyor,bit sorumluluk hayat zehir et
Gülümsemek için bile efor harcamam gerekiyor.,stresli,gülümsemek bile efor harcamam gerekiyor,gülümsemek efor harcamam gerekiyor,gülümse bile efor harca gerek
Bu stres beni tüketti.,stresli,stres beni tüketti,stres beni tüketti,stres ben tüket
Kendimi son zamanlarda çok yalnız ve değersiz hissediyorum.,üzgün,kendimi son zamanlarda yalnız değersiz hissediyorum,kendimi son zamanlarda yalnız değersiz hissediyorum,kendi son zaman yalnız değer hisset
İnsanlar yanımda ama ben kendimi terkedilmiş hissediyorum.,üzgün,i̇nsanlar yanımda kendimi terkedilmiş hissediyorum,i̇nsanlar yanımda kendimi terkedilmiş hissediyorum,UNK yan kendi terket hisset
Hiçbir şey eskisi gibi keyif vermiyor.,üzgün,hiçbir şey eskisi keyif vermiyor,hiçbir şey eskisi keyif vermiyor,hiçbir şey eski keyif ver
"Telefonum çalmıyor, kimse beni merak etmiyor gibi.",üzgün,telefonum çalmıyor kimse beni merak etmiyor,telefonum çalmıyor beni merak etmiyor,telefon çal kimse ben merak et
Gülümsemeye çalışıyorum ama içimde bir boşluk var.,üzgün,gülümsemeye çalışıyorum içimde boşluk var,gülümsemeye çalışıyorum içimde boşluk var,gülümse çalış içim boşluk var
Hayallerimi birer birer gömdüm.,üzgün,hayallerimi birer birer gömdüm,hayallerimi birer birer gömdüm,hayal birer birer göm
Hayatın yükü omuzlarımı ezdikçe daha da üzülüyorum.,üzgün,hayatın yükü omuzlarımı ezdikçe üzülüyorum,hayatın yükü omuzlarımı ezdikçe üzülüyorum,hayat yük omuz ez üz
Yalnızken daha az yargılanıyorum.,üzgün,yalnızken yargılanıyorum,yalnızken yargılanıyorum,yalnız yargı
Kimse beni anlamıyor gibi hissediyorum.,üzgün,kimse beni anlamıyor hissediyorum,beni anlamıyor hissediyorum,kimse ben anla hisset
"Sürekli geçmişi düşünüyorum, ileriye bakamıyorum.",üzgün,sürekli geçmişi düşünüyorum ileriye bakamıyorum,sürekli geçmişi düşünüyorum ileriye bakamıyorum,sürekli geçmiş düşün ileri bak
Herkes mutlu görünürken ben neden hep böyleyim bilmiyorum.,üzgün,herkes mutlu görünürken hep böyleyim bilmiyorum,mutlu görünürken böyleyim bilmiyorum,herkes mutlu görün hep böyle bil
Gözlerimin altındaki morluklar hissettiklerimi anlatıyor.,üzgün,gözlerimin altındaki morluklar hissettiklerimi anlatıyor,gözlerimin altındaki morluklar hissettiklerimi anlatıyor,göz altın mor hisset anla
"İçimde sürekli bir hüzün var, geçmek bilmiyor.",üzgün,i̇çimde sürekli hüzün var geçmek bilmiyor,i̇çimde sürekli hüzün var geçmek bilmiyor,UNK sürekli hüzün var geç bil
Mutlu insanları gördükçe içim daha çok acıyor.,üzgün,mutlu insanları gördükçe içim acıyor,mutlu insanları gördükçe içim acıyor,mutlu insan gör içim acı
Sevdiklerimin beni anlamaması çok canımı yakıyor.,üzgün,sevdiklerimin beni anlamaması canımı yakıyor,sevdiklerimin beni anlamaması canımı yakıyor,sev ben anla can yak
Umutlanmak bile acı veriyor artık.,üzgün,umutlanmak bile acı veriyor artık,umutlanmak acı veriyor,umut bile acı ver artık
Kalabalıklar içinde bile kendimi yalnız hissediyorum.,üzgün,kalabalıklar içinde bile kendimi yalnız hissediyorum,kalabalıklar içinde kendimi yalnız hissediyorum,kalabalık iç bile kendi yalnız hisset
Sadece biri “iyi misin?” dese gözlerim dolacak.,üzgün,sadece biri iyi misin dese gözlerim dolacak,sadece biri iyi misin dese gözlerim dolacak,sadece biri iyi mi de göz dol
Hayatımda hiçbir şey yolunda gitmiyor.,üzgün,hayatımda hiçbir şey yolunda gitmiyor,hayatımda hiçbir şey yolunda gitmiyor,hayat hiçbir şey yol git
Kimseye yük olmak istemediğim için uzak duruyorum.,üzgün,kimseye yük olmak istemediğim uzak duruyorum,kimseye yük olmak istemediğim uzak duruyorum,kimse yük ol iste uzak dur
İnsanların yanında güçlü görünmeye çalışmak çok yorucu.,üzgün,i̇nsanların yanında güçlü görünmeye çalışmak yorucu,i̇nsanların yanında güçlü görünmeye çalışmak yorucu,UNK yan güç görün çalış yor
Ne zaman mutluluğa yaklaşsam elimden kayıyor.,üzgün,zaman mutluluğa yaklaşsam elimden kayıyor,zaman mutluluğa yaklaşsam elimden kayıyor,zaman mutlu yaklaş el kay
Gözyaşlarımı kimseye göstermeden yutuyorum.,üzgün,gözyaşlarımı kimseye göstermeden yutuyorum,gözyaşlarımı kimseye göstermeden yutuyorum,gözyaşı kimse göster yut
Sessizlik bile artık huzur vermiyor.,üzgün,sessizlik bile artık huzur vermiyor,sessizlik huzur vermiyor,ses bile artık huzur ver
"Her şey üzerime geliyor, çıkış yolu yok gibi.",üzgün,şey üzerime geliyor çıkış yolu yok,şey üzerime geliyor çıkış yolu yok,şey üzeri gel çık yol yok
Gülümsemem sahte ama başka çarem yok.,üzgün,gülümsemem sahte başka çarem yok,gülümsemem sahte başka çarem yok,gülümse sahte başka çare yok
Zaman geçtikçe her şeye karşı ilgimi kaybediyorum.,üzgün,zaman geçtikçe şeye karşı ilgimi kaybediyorum,zaman geçtikçe şeye karşı ilgimi kaybediyorum,zaman geç şey karşı ilgi kaybet
"Kalbim sıkışıyor bazen, sanki bir şey eksik.",üzgün,kalbim sıkışıyor bazen sanki şey eksik,kalbim sıkışıyor bazen sanki şey eksik,kalp sıkış bazen sanki şey eksik
İçimde çözülemeyen bir acı var.,üzgün,i̇çimde çözülemeyen acı var,i̇çimde çözülemeyen acı var,UNK çöz acı var
Umutlarım yavaş yavaş soluyor.,üzgün,umutlarım yavaş yavaş soluyor,umutlarım yavaş yavaş soluyor,umut yavaş yavaş solu
"Artık hayal kuramıyorum, çünkü kırılmaktan yoruldum.",üzgün,artık hayal kuramıyorum kırılmaktan yoruldum,hayal kuramıyorum kırılmaktan yoruldum,artık hayal kur kır yor
İnsanlar arasında bile kendimi tek başıma hissediyorum.,üzgün,i̇nsanlar arasında bile kendimi tek başıma hissediyorum,i̇nsanlar arasında kendimi tek başıma hissediyorum,UNK ara bile kendi tek baş hisset
Kendimi hep eksik ve yetersiz hissediyorum.,üzgün,kendimi hep eksik yetersiz hissediyorum,kendimi eksik yetersiz hissediyorum,kendi hep eksik yetersiz hisset
Düşüncelerim boğuluyormuşum gibi hissettiriyor.,üzgün,düşüncelerim boğuluyormuşum hissettiriyor,düşüncelerim boğuluyormuşum hissettiriyor,düşünce boğ hisset
"Uyumak istiyorum, çünkü uyanmak çok zor geliyor.",üzgün,uyumak istiyorum uyanmak zor geliyor,uyumak istiyorum uyanmak zor geliyor,uyu iste uyan zor gel
Sabahları neden kalkmam gerektiğini bile bilmiyorum.,üzgün,sabahları kalkmam gerektiğini bile bilmiyorum,sabahları kalkmam gerektiğini bilmiyorum,sabah kalk gerek bile bil
Duygularımı bastırdıkça daha çok içine kapanıyorum.,üzgün,duygularımı bastırdıkça içine kapanıyorum,duygularımı bastırdıkça içine kapanıyorum,duygu bas iç kapa
İçimdeki sessiz çığlıklar duyulmuyor.,üzgün,i̇çimdeki sessiz çığlıklar duyulmuyor,i̇çimdeki sessiz çığlıklar duyulmuyor,UNK ses çığlık duy
Eskiden mutlu olduğum şeyler bile artık anlamsız.,üzgün,eskiden mutlu olduğum şeyler bile artık anlamsız,eskiden mutlu olduğum şeyler anlamsız,eskiden mutlu ol şey bile artık anlam
Sevilmediğimi hissettikçe uzaklaşıyorum herkesten.,üzgün,sevilmediğimi hissettikçe uzaklaşıyorum herkesten,sevilmediğimi hissettikçe uzaklaşıyorum herkesten,sev hisset uzak herkes
"Ne zaman mutlu olsam, bir şey onu bozuyor.",üzgün,zaman mutlu olsam şey onu bozuyor,zaman mutlu olsam şey onu bozuyor,zaman mutlu ol şey o boz
Kendimi toparlamak için çabaladıkça daha da düşüyorum.,üzgün,kendimi toparlamak çabaladıkça düşüyorum,kendimi toparlamak çabaladıkça düşüyorum,kendi toparla çabala düş
Umursamaz görünsem de aslında içim kan ağlıyor.,üzgün,umursamaz görünsem aslında içim kan ağlıyor,umursamaz görünsem aslında içim kan ağlıyor,umursa görün aslında içim kan ağla
Yalnızlık boğucu bir sessizlik.,üzgün,yalnızlık boğucu sessizlik,yalnızlık boğucu sessizlik,yalnız boğ ses
Herkesi mutlu etmeye çalışmaktan kendimi unuttum.,üzgün,herkesi mutlu etmeye çalışmaktan kendimi unuttum,herkesi mutlu etmeye çalışmaktan kendimi unuttum,herkes mutlu et çalış kendi unut
Dışarıdan sakin görünüyorum ama içim fırtına.,üzgün,dışarıdan sakin görünüyorum içim fırtına,dışarıdan sakin görünüyorum içim fırtına,dışarı sakin görün içim fırtına
"Bazen yok olmak istiyorum, sadece bir süreliğine bile olsa.",üzgün,bazen yok olmak istiyorum sadece süreliğine bile olsa,bazen yok olmak istiyorum sadece süreliğine olsa,bazen yok ol iste sadece süre bile ol
İnsanlar beni ne zaman arasa gücüm kalmıyor.,üzgün,i̇nsanlar beni zaman arasa gücüm kalmıyor,i̇nsanlar beni zaman arasa gücüm kalmıyor,UNK ben zaman ara güç kal
Hiçbir yere ait hissetmiyorum.,üzgün,hiçbir yere ait hissetmiyorum,hiçbir yere ait hissetmiyorum,hiçbir yer ait hisset
"Yüzümdeki gülümseme, sadece maskem.",üzgün,yüzümdeki gülümseme sadece maskem,yüzümdeki gülümseme sadece maskem,yüz gülümse sadece maske
"Kalbim ağırlaşıyor, bazen taşıyamıyorum.",üzgün,kalbim ağırlaşıyor bazen taşıyamıyorum,kalbim ağırlaşıyor bazen taşıyamıyorum,kalp ağır bazen taşı
Hiç kimseye kendimi tam anlatamıyorum.,üzgün,kimseye kendimi tam anlatamıyorum,kimseye kendimi tam anlatamıyorum,kimse kendi tam anla
İnsanların arasına karışmak istemiyorum artık.,üzgün,i̇nsanların arasına karışmak istemiyorum artık,i̇nsanların arasına karışmak istemiyorum,UNK ara karış iste artık
Herkese yetmeye çalışmak beni bitirdi.,üzgün,herkese yetmeye çalışmak beni bitirdi,herkese yetmeye çalışmak beni bitirdi,herkes yet çalış ben bitir
Yalnız olmak hem rahatlatıyor hem de acıtıyor.,üzgün,yalnız olmak hem rahatlatıyor hem acıtıyor,yalnız olmak rahatlatıyor acıtıyor,yalnız ol hem rahatla hem acı
Güzel günlerin sadece geçmişte kaldığını düşünüyorum.,üzgün,güzel günlerin sadece geçmişte kaldığını düşünüyorum,güzel günlerin sadece geçmişte kaldığını düşünüyorum,güzel gün sadece geçmiş kal düşün
"Geceleri daha çok üzülüyorum, çünkü sessizlik içimi deliyor.",üzgün,geceleri üzülüyorum sessizlik içimi deliyor,geceleri üzülüyorum sessizlik içimi deliyor,gece üz ses iç del
Her şey anlamını yitirmiş gibi.,üzgün,şey anlamını yitirmiş,şey anlamını yitirmiş,şey anlam yitir
Kendimi sürekli suçlu hissediyorum.,üzgün,kendimi sürekli suçlu hissediyorum,kendimi sürekli suçlu hissediyorum,kendi sürekli suç hisset
İçimdeki acıyı tarif edecek kelime bulamıyorum.,üzgün,i̇çimdeki acıyı tarif edecek kelime bulamıyorum,i̇çimdeki acıyı tarif edecek kelime bulamıyorum,UNK acı tarif et kelime bul
Yaşadığım hiçbir şeyin anlamı yok gibi.,üzgün,yaşadığım hiçbir şeyin anlamı yok,yaşadığım hiçbir şeyin anlamı yok,yaşa hiçbir şey anlam yok
Hayatın beni unuttuğunu hissediyorum.,üzgün,hayatın beni unuttuğunu hissediyorum,hayatın beni unuttuğunu hissediyorum,hayat ben unut hisset
Geçmişin pişmanlıkları peşimi bırakmıyor.,üzgün,geçmişin pişmanlıkları peşimi bırakmıyor,geçmişin pişmanlıkları peşimi bırakmıyor,geçmiş pişman peş bırak
Kalbim kırıldı ama kimse bilmiyor.,üzgün,kalbim kırıldı kimse bilmiyor,kalbim kırıldı bilmiyor,kalp kır kimse bil
Konuşacak birinin olmaması beni daha da yalnız hissettiriyor.,üzgün,konuşacak birinin olmaması beni yalnız hissettiriyor,konuşacak birinin olmaması beni yalnız hissettiriyor,konuş biri ol ben yalnız hisset
Hayatın beni sürüklediği yerde huzur yok.,üzgün,hayatın beni sürüklediği yerde huzur yok,hayatın beni sürüklediği yerde huzur yok,hayat ben sürükle yer huzur yok
Kimseye yük olmak istemediğim için susuyorum.,üzgün,kimseye yük olmak istemediğim susuyorum,kimseye yük olmak istemediğim susuyorum,kimse yük ol iste sus
Kimse yanımda olmasa da alıştım artık.,üzgün,kimse yanımda olmasa alıştım artık,yanımda olmasa alıştım,kimse yan ol alış artık
Aynaya baktığımda tanıyamadığım biri var.,üzgün,aynaya baktığımda tanıyamadığım biri var,aynaya baktığımda tanıyamadığım biri var,ayna bak tanı biri var
Ağlamak istiyorum ama gözyaşlarım bile kalmadı.,üzgün,ağlamak istiyorum gözyaşlarım bile kalmadı,ağlamak istiyorum gözyaşlarım kalmadı,ağla iste gözyaşı bile kal
"İnsanlarla arama duvarlar ördüm, daha az acıtıyor.",üzgün,i̇nsanlarla arama duvarlar ördüm acıtıyor,i̇nsanlarla arama duvarlar ördüm acıtıyor,UNK ara duvar ör acı
Sessizliğe gömülmek istiyorum.,üzgün,sessizliğe gömülmek istiyorum,sessizliğe gömülmek istiyorum,ses göm iste
Herkes yoluna devam ederken ben yerimde sayıyorum.,üzgün,herkes yoluna devam ederken yerimde sayıyorum,yoluna devam ederken yerimde sayıyorum,herkes yol devam et yer say
Tek bir cümleyle paramparça olabiliyorum.,üzgün,tek cümleyle paramparça olabiliyorum,tek cümleyle paramparça olabiliyorum,tek cümle paramparça ol
Hatalarım yüzünden kendimi affedemiyorum.,üzgün,hatalarım yüzünden kendimi affedemiyorum,hatalarım kendimi affedemiyorum,hata yüz kendi affet
"Sürekli düşüyorum, toparlanamıyorum.",üzgün,sürekli düşüyorum toparlanamıyorum,sürekli düşüyorum toparlanamıyorum,sürekli düş toparla
Bazen sabah olmasın istiyorum.,üzgün,bazen sabah olmasın istiyorum,bazen sabah olmasın istiyorum,bazen sabah ol iste
"Kendimi kaybettim, bulamıyorum.",üzgün,kendimi kaybettim bulamıyorum,kendimi kaybettim bulamıyorum,kendi kaybet bul
Kaybettiklerimi düşününce gözlerim doluyor.,üzgün,kaybettiklerimi düşününce gözlerim doluyor,kaybettiklerimi düşününce gözlerim doluyor,kaybet düşün göz dol
Hayat bana oyun oynuyor gibi geliyor.,üzgün,hayat bana oyun oynuyor geliyor,hayat bana oyun oynuyor geliyor,hayat ben oyun oyna gel
Ne yaparsam yapayım iyi hissetmiyorum.,üzgün,yaparsam yapayım iyi hissetmiyorum,yaparsam yapayım iyi hissetmiyorum,yap yap iyi hisset
Hiçbir şeyin anlamı kalmadı.,üzgün,hiçbir şeyin anlamı kalmadı,hiçbir şeyin anlamı kalmadı,hiçbir şey anlam kal
İçimdeki boşluk her geçen gün büyüyor.,üzgün,i̇çimdeki boşluk geçen gün büyüyor,i̇çimdeki boşluk geçen gün büyüyor,UNK boşluk geçen gün büyü
Elimden gelenin fazlasını yaptım ama yine de olmadı.,üzgün,elimden gelenin fazlasını yaptım yine olmadı,elimden gelenin fazlasını yaptım yine olmadı,el geleni fazla yap yine ol
Sanki dünyada fazlalık gibiyim.,üzgün,sanki dünyada fazlalık gibiyim,sanki dünyada fazlalık gibiyim,sanki dünya fazla gibi
Sevdiğim insanlar yavaş yavaş uzaklaşıyor.,üzgün,sevdiğim insanlar yavaş yavaş uzaklaşıyor,sevdiğim insanlar yavaş yavaş uzaklaşıyor,sev insan yavaş yavaş uzak
Eski anılar aklıma geldikçe üzülüyorum.,üzgün,eski anılar aklıma geldikçe üzülüyorum,eski anılar aklıma geldikçe üzülüyorum,eski anı akıl gel üz
"Hayal kırıklıkları artık canımı acıtmıyor, alıştım.",üzgün,hayal kırıklıkları artık canımı acıtmıyor alıştım,hayal kırıklıkları canımı acıtmıyor alıştım,hayal kırık artık can acı alış
Her şeyin normale döneceği günü beklemekten yoruldum.,üzgün,şeyin normale döneceği günü beklemekten yoruldum,şeyin normale döneceği günü beklemekten yoruldum,şey normal dön gün bekle yor
Herkes mutlu ama ben hâlâ aynı yerdeyim.,üzgün,herkes mutlu hâlâ aynı yerdeyim,mutlu hâlâ aynı yerdeyim,herkes mutlu hala aynı yer
Kendimi çaresiz ve zayıf hissediyorum.,üzgün,kendimi çaresiz zayıf hissediyorum,kendimi çaresiz zayıf hissediyorum,kendi çare zayıf hisset
Bazen yok olsam kimse fark etmezmiş gibi geliyor.,üzgün,bazen yok olsam kimse fark etmezmiş geliyor,bazen yok olsam fark etmezmiş geliyor,bazen yok ol kimse fark et gel
Dışarıda gülüyorum ama içim ağlıyor.,üzgün,dışarıda gülüyorum içim ağlıyor,dışarıda gülüyorum içim ağlıyor,dışarı gül içim ağla
Sevgiye inancımı yitirdim.,üzgün,sevgiye inancımı yitirdim,sevgiye inancımı yitirdim,sevgi inanç yitir
Kendimle bile konuşmak istemiyorum artık.,üzgün,kendimle bile konuşmak istemiyorum artık,kendimle konuşmak istemiyorum,kendi bile konuş iste artık
Kalbim taş gibi ama yine de kırılıyor.,üzgün,kalbim taş yine kırılıyor,kalbim taş yine kırılıyor,kalp taş yine kır
Günden güne hayattan soğuyorum.,üzgün,günden güne hayattan soğuyorum,günden güne hayattan soğuyorum,gün gün hayat soğu
Duygularımı sakladıkça daha çok birikiyor.,üzgün,duygularımı sakladıkça birikiyor,duygularımı sakladıkça birikiyor,duygu sakla birik
Ne yaparsam yapayım mutlu olamıyorum.,üzgün,yaparsam yapayım mutlu olamıyorum,yaparsam yapayım mutlu olamıyorum,yap yap mutlu ol
1. Gülümsemeyi unuttum sanki.,üzgün,1 gülümsemeyi unuttum sanki,1 gülümsemeyi unuttum sanki,1 gülümse unut sanki
Hayatın bana vereceği güzel bir şey kalmadı.,umutsuz,hayatın bana vereceği güzel şey kalmadı,hayatın bana vereceği güzel şey kalmadı,hayat ben ver güzel şey kal
Elimden geleni yaptım ama yetmedi.,umutsuz,elimden geleni yaptım yetmedi,elimden geleni yaptım yetmedi,el geleni yap yet
Sürekli aynı döngünün içinde boğuluyorum.,umutsuz,sürekli aynı döngünün içinde boğuluyorum,sürekli aynı döngünün içinde boğuluyorum,sürekli aynı döngü iç boğ
Ruhum çökmüş gibi hissediyorum.,umutsuz,ruhum çökmüş hissediyorum,ruhum çökmüş hissediyorum,ruh çök hisset
Geçmişimden kurtulmak istiyorum ama gelecek de korkutuyor.,umutsuz,geçmişimden kurtulmak istiyorum gelecek korkutuyor,geçmişimden kurtulmak istiyorum gelecek korkutuyor,geçmiş kurtul iste gel korkut
Gülmekten vazgeçeli uzun zaman oldu.,umutsuz,gülmekten vazgeçeli uzun zaman oldu,gülmekten vazgeçeli uzun zaman oldu,gül vazgeç uzun zaman ol
Her geçen gün daha çok tükeniyorum.,umutsuz,geçen gün tükeniyorum,geçen gün tükeniyorum,geçen gün tüken
Umudun yıkılışı çok daha acı veriyor.,umutsuz,umudun yıkılışı acı veriyor,umudun yıkılışı acı veriyor,umut yık acı ver
Bir şeyleri değiştirmek için gücüm kalmadı.,umutsuz,şeyleri değiştirmek gücüm kalmadı,şeyleri değiştirmek gücüm kalmadı,şey değiş güç kal
Kendi kendime tutunmaya çalışmaktan yoruldum.,umutsuz,kendi kendime tutunmaya çalışmaktan yoruldum,kendi kendime tutunmaya çalışmaktan yoruldum,kendi kendi tutun çalış yor
Gülümsemek bile yorgunluk veriyor.,umutsuz,gülümsemek bile yorgunluk veriyor,gülümsemek yorgunluk veriyor,gülümse bile yorgun ver
"Herkes mutlu gibi, sadece ben yapamıyorum.",umutsuz,herkes mutlu sadece yapamıyorum,mutlu sadece yapamıyorum,herkes mutlu sadece yap
"Kimse yardım etmiyor, zaten kimse umursamıyor.",umutsuz,kimse yardım etmiyor zaten kimse umursamıyor,yardım etmiyor zaten umursamıyor,kimse yardım et zaten kimse umursa
Güzel şeylerin sadece başkalarına olduğunu düşünüyorum.,umutsuz,güzel şeylerin sadece başkalarına olduğunu düşünüyorum,güzel şeylerin sadece başkalarına olduğunu düşünüyorum,güzel şey sadece başka ol düşün
Artık umutlanmaktan korkuyorum.,umutsuz,artık umutlanmaktan korkuyorum,umutlanmaktan korkuyorum,artık umut kork
"Sevmek, umut etmek, beklemek... hepsi yorucu geldi artık.",umutsuz,sevmek umut etmek beklemek hepsi yorucu geldi artık,sevmek umut etmek beklemek hepsi yorucu geldi,sev umut et bekle hepsi yor gel artık
Hayatımı yeniden kurabilecek enerjiye sahip değilim.,umutsuz,hayatımı yeniden kurabilecek enerjiye sahip değilim,hayatımı yeniden kurabilecek enerjiye sahip değilim,hayat yeniden kur enerji sahip değil
Ne yaparsam yapayım olmuyor.,umutsuz,yaparsam yapayım olmuyor,yaparsam yapayım olmuyor,yap yap ol
Her sabah uyanmak bir ceza gibi geliyor.,umutsuz,sabah uyanmak ceza geliyor,sabah uyanmak ceza geliyor,sabah uyan ceza gel
"Her şey fazlasıyla fazla, her şeyin yükü üstümde.",umutsuz,şey fazlasıyla fazla şeyin yükü üstümde,şey fazlasıyla fazla şeyin yükü üstümde,şey fazlasıyla fazla şey yük üst
Artık hayal kurmayı bıraktım.,umutsuz,artık hayal kurmayı bıraktım,hayal kurmayı bıraktım,artık hayal kur bırak
Zaman geçiyor ama ben geçmişte takılı kaldım.,umutsuz,zaman geçiyor geçmişte takılı kaldım,zaman geçiyor geçmişte takılı kaldım,zaman geç geçmiş takı kal
İçimde hiçbir şeyin iyi olacağına dair his kalmadı.,umutsuz,i̇çimde hiçbir şeyin iyi olacağına dair his kalmadı,i̇çimde hiçbir şeyin iyi olacağına dair his kalmadı,UNK hiçbir şey iyi ol dair his kal
Hayat bana karşı sanki özel olarak acımasız.,umutsuz,hayat bana karşı sanki özel olarak acımasız,hayat bana karşı sanki özel olarak acımasız,hayat ben karşı sanki özel ol acımasız
İnsanlar konuşuyor ama hiçbir şey değişmiyor.,umutsuz,i̇nsanlar konuşuyor hiçbir şey değişmiyor,i̇nsanlar konuşuyor hiçbir şey değişmiyor,UNK konuş hiçbir şey değiş
"Kaybolmuş hissediyorum, yönümü bilmiyorum.",umutsuz,kaybolmuş hissediyorum yönümü bilmiyorum,kaybolmuş hissediyorum yönümü bilmiyorum,kaybol hisset yön bil
Kendimi boşlukta hissediyorum.,umutsuz,kendimi boşlukta hissediyorum,kendimi boşlukta hissediyorum,kendi boşluk hisset
Bazen hiç uyanmasam daha iyi olur gibi geliyor.,umutsuz,bazen uyanmasam iyi olur geliyor,bazen uyanmasam iyi olur geliyor,bazen uyan iyi ol gel
"Nereye gitsem aynı his, hiçbir yere ait değilim.",umutsuz,nereye gitsem aynı his hiçbir yere ait değilim,nereye gitsem aynı his hiçbir yere ait değilim,nere git aynı his hiçbir yer ait değil
Sevdiklerim bile uzaklaşıyor artık.,umutsuz,sevdiklerim bile uzaklaşıyor artık,sevdiklerim uzaklaşıyor,sev bile uzak artık
Umutsuzluk yavaş yavaş beni ele geçiriyor.,umutsuz,umutsuzluk yavaş yavaş beni ele geçiriyor,umutsuzluk yavaş yavaş beni ele geçiriyor,umut yavaş yavaş ben el geçir
"Kendimi yok sayıyorum, çünkü kimse varlığımı fark etmiyor.",umutsuz,kendimi yok sayıyorum kimse varlığımı fark etmiyor,kendimi yok sayıyorum varlığımı fark etmiyor,kendi yok say kimse varlık fark et
"Herkes yolunu buldu, ben yerimde sayıyorum.",umutsuz,herkes yolunu buldu yerimde sayıyorum,yolunu buldu yerimde sayıyorum,herkes yol bul yer say
Hiçbir yere ait hissetmemek çok yorucu.,umutsuz,hiçbir yere ait hissetmemek yorucu,hiçbir yere ait hissetmemek yorucu,hiçbir yer ait hisset yor
Bir gün bile rahat nefes alamadım.,umutsuz,gün bile rahat nefes alamadım,gün rahat nefes alamadım,gün bile rahat nefes al
Çaba harcamak anlamsız geliyor.,umutsuz,çaba harcamak anlamsız geliyor,çaba harcamak anlamsız geliyor,çaba harca anlam gel
Her şey üzerine kurulu ama hepsi çöküyor.,umutsuz,şey üzerine kurulu hepsi çöküyor,şey üzerine kurulu hepsi çöküyor,şey üzeri kurulu hepsi çök
"İçim bomboş, hayata dair bir şey kalmamış.",umutsuz,i̇çim bomboş hayata dair şey kalmamış,i̇çim bomboş hayata dair şey kalmamış,UNK bomboş hayat dair şey kal
Gelecek planı yapmak bana imkânsız geliyor.,umutsuz,gelecek planı yapmak bana imkânsız geliyor,gelecek planı yapmak bana imkânsız geliyor,gel plan yap ben imkan gel
"Her şey yokuş aşağı gidiyor, durduramıyorum.",umutsuz,şey yokuş aşağı gidiyor durduramıyorum,şey yokuş aşağı gidiyor durduramıyorum,şey yokuş aşağı git dur
Hiçbir çaba sonuç vermiyor.,umutsuz,hiçbir çaba sonuç vermiyor,hiçbir çaba sonuç vermiyor,hiçbir çaba sonuç ver
Bir şeye başlayacak enerjim yok.,umutsuz,şeye başlayacak enerjim yok,şeye başlayacak enerjim yok,şey başla enerji yok
Sanki hiç kimse beni duymuyor.,umutsuz,sanki kimse beni duymuyor,sanki beni duymuyor,sanki kimse ben duy
Kimseye anlatacak halim kalmadı.,umutsuz,kimseye anlatacak halim kalmadı,kimseye anlatacak halim kalmadı,kimse anla hal kal
Sadece var oluyorum ama yaşamıyorum.,umutsuz,sadece var oluyorum yaşamıyorum,sadece var oluyorum yaşamıyorum,sadece var ol yaşa
"Umutlarım tükendi, hayallerim soldu.",umutsuz,umutlarım tükendi hayallerim soldu,umutlarım tükendi hayallerim soldu,umut tüken hayal sol
Kendime güvenim tamamen gitti.,umutsuz,kendime güvenim tamamen gitti,kendime güvenim tamamen gitti,kendi güven tamamen git
En son ne zaman mutlu hissettim hatırlamıyorum.,umutsuz,son zaman mutlu hissettim hatırlamıyorum,son zaman mutlu hissettim hatırlamıyorum,son zaman mutlu hisset hatırla
"Kaybettiklerim geri gelmeyecek, bunu kabullenmek çok zor.",umutsuz,kaybettiklerim geri gelmeyecek bunu kabullenmek zor,kaybettiklerim geri gelmeyecek bunu kabullenmek zor,kaybet geri gel bu kabullen zor
Gözümde her şey değersizleşti.,umutsuz,gözümde şey değersizleşti,gözümde şey değersizleşti,göz şey değer
Çabalamaya değmeyeceğini öğrendim artık.,umutsuz,çabalamaya değmeyeceğini öğrendim artık,çabalamaya değmeyeceğini öğrendim,çabala değ öğren artık
Kalabalıklar içinde yalnız olmak ne acı.,umutsuz,kalabalıklar içinde yalnız olmak acı,kalabalıklar içinde yalnız olmak acı,kalabalık iç yalnız ol acı
"İnsanlara umut vermek zorunda değilim, kendime bile veremiyorum.",umutsuz,i̇nsanlara umut vermek zorunda değilim kendime bile veremiyorum,i̇nsanlara umut vermek zorunda değilim kendime veremiyorum,UNK umut ver zor değil kendi bile ver
Kendime bile inancım kalmadı.,umutsuz,kendime bile inancım kalmadı,kendime inancım kalmadı,kendi bile inanç kal
Gittiğim her yol çıkmaz sokak.,umutsuz,gittiğim yol çıkmaz sokak,gittiğim yol çıkmaz sokak,git yol çıkmaz sokak
İçimdeki ses bile artık susmuş gibi.,umutsuz,i̇çimdeki ses bile artık susmuş,i̇çimdeki ses susmuş,UNK ses bile artık sus
Güzel şeyler bana uğramıyor.,umutsuz,güzel şeyler bana uğramıyor,güzel şeyler bana uğramıyor,güzel şey ben uğra
Ne kadar uğraşırsam uğraşayım olmuyor.,umutsuz,uğraşırsam uğraşayım olmuyor,uğraşırsam uğraşayım olmuyor,uğraş uğraş ol
Her şey ters giderken güçlü kalmak mümkün değil.,umutsuz,şey ters giderken güçlü kalmak mümkün değil,şey ters giderken güçlü kalmak mümkün değil,şey ters gider güç kal mümkün değil
İçimde kırık dökük bir enkaz var.,umutsuz,i̇çimde kırık dökük enkaz var,i̇çimde kırık dökük enkaz var,UNK kırık dökük enkaz var
Günler geçiyor ama ben ilerleyemiyorum.,umutsuz,günler geçiyor ilerleyemiyorum,günler geçiyor ilerleyemiyorum,gün geç ilerle
Yaşamak sadece sabretmek oldu.,umutsuz,yaşamak sadece sabretmek oldu,yaşamak sadece sabretmek oldu,yaşa sadece sabret ol
Kırıldıkça tamir etmeye çalışmak ne kadar mantıklı?,umutsuz,kırıldıkça tamir etmeye çalışmak mantıklı,kırıldıkça tamir etmeye çalışmak mantıklı,kır tamir et çalış mantık
Biri beni sarsıp “geçecek” dese bile inanmam.,umutsuz,biri beni sarsıp geçecek dese bile inanmam,biri beni sarsıp geçecek dese inanmam,biri ben sars geç de bile inan
Yaşamak artık sadece bir alışkanlık.,umutsuz,yaşamak artık sadece alışkanlık,yaşamak sadece alışkanlık,yaşa artık sadece alışkan
Her şey için çok geç olduğunu düşünüyorum.,umutsuz,şey geç olduğunu düşünüyorum,şey geç olduğunu düşünüyorum,şey geç ol düşün
İçimdeki karanlık hiç aydınlanmıyor.,umutsuz,i̇çimdeki karanlık aydınlanmıyor,i̇çimdeki karanlık aydınlanmıyor,UNK karanlık aydınlan
Güven kaybı en çok beni yıktı.,umutsuz,güven kaybı beni yıktı,güven kaybı beni yıktı,güven kayıp ben yık
Beni hayatta tutan hiçbir şey kalmadı gibi.,umutsuz,beni hayatta tutan hiçbir şey kalmadı,beni hayatta tutan hiçbir şey kalmadı,ben hayat tut hiçbir şey kal
Ne bir hayalim kaldı ne de bir hedefim.,umutsuz,hayalim kaldı hedefim,hayalim kaldı hedefim,hayal kal hedef
Kendi hayatımda bile misafirim gibi hissediyorum.,umutsuz,kendi hayatımda bile misafirim hissediyorum,kendi hayatımda misafirim hissediyorum,kendi hayat bile misafir hisset
Sanki tüm dünya sırtıma binmiş gibi.,umutsuz,sanki tüm dünya sırtıma binmiş,sanki tüm dünya sırtıma binmiş,sanki tüm dünya sırt bin
Sürekli geri düşmekten bıktım.,umutsuz,sürekli geri düşmekten bıktım,sürekli geri düşmekten bıktım,sürekli geri düş bık
"Sesimi kimse duymuyor, çünkü bağıracak hâlim yok.",umutsuz,sesimi kimse duymuyor bağıracak hâlim yok,sesimi duymuyor bağıracak hâlim yok,ses kimse duy bağır hal yok
Ne zaman bir şey yoluna girse hemen bozuluyor.,umutsuz,zaman şey yoluna girse hemen bozuluyor,zaman şey yoluna girse hemen bozuluyor,zaman şey yol gir hemen boz
Aynaya baktığımda tanıyamadığım biri var.,umutsuz,aynaya baktığımda tanıyamadığım biri var,aynaya baktığımda tanıyamadığım biri var,ayna bak tanı biri var
"Herkes hayata devam ediyor, ben hâlâ başa dönüyorum.",umutsuz,herkes hayata devam ediyor hâlâ başa dönüyorum,hayata devam ediyor hâlâ başa dönüyorum,herkes hayat devam et hala baş dön
İstediğim şeylerin bana uzaklığı beni kahrediyor.,umutsuz,i̇stediğim şeylerin bana uzaklığı beni kahrediyor,i̇stediğim şeylerin bana uzaklığı beni kahrediyor,UNK şey ben uzak ben kahret
Hiçbir şey beni mutlu etmiyor.,umutsuz,hiçbir şey beni mutlu etmiyor,hiçbir şey beni mutlu etmiyor,hiçbir şey ben mutlu et
"Sabretmenin bile bir sonu varmış, öğrendim.",umutsuz,sabretmenin bile sonu varmış öğrendim,sabretmenin sonu varmış öğrendim,sabret bile son var öğren
"Hayatımda ışık yok, hep karanlık.",umutsuz,hayatımda ışık yok hep karanlık,hayatımda ışık yok karanlık,hayat ışık yok hep karanlık
Tükenmişlik hissi her geçen gün daha da büyüyor.,umutsuz,tükenmişlik hissi geçen gün büyüyor,tükenmişlik hissi geçen gün büyüyor,tüken hissi geçen gün büyü
İnsanlara güvenmekten vazgeçtim.,umutsuz,i̇nsanlara güvenmekten vazgeçtim,i̇nsanlara güvenmekten vazgeçtim,UNK güven vazgeç
İçimdekileri anlatamamak beni daha da boğuyor.,umutsuz,i̇çimdekileri anlatamamak beni boğuyor,i̇çimdekileri anlatamamak beni boğuyor,UNK anla ben boğ
"Hep yarım kalıyorum, tamamlanamıyorum.",umutsuz,hep yarım kalıyorum tamamlanamıyorum,yarım kalıyorum tamamlanamıyorum,hep yarım kal tamamla
Her adımda biraz daha geri çekiliyorum.,umutsuz,adımda biraz geri çekiliyorum,adımda biraz geri çekiliyorum,adım biraz geri çek
"Yorgun değilim, bitmiş gibiyim.",umutsuz,yorgun değilim bitmiş gibiyim,yorgun değilim bitmiş gibiyim,yorgun değil bit gibi
Beklentisiz yaşamak daha kolay ama çok acı.,umutsuz,beklentisiz yaşamak kolay acı,beklentisiz yaşamak kolay acı,beklenti yaşa kolay acı
Bu umutsuzluk beni yavaş yavaş yok ediyor.,umutsuz,umutsuzluk beni yavaş yavaş yok ediyor,umutsuzluk beni yavaş yavaş yok ediyor,umut ben yavaş yavaş yok et
Hiçbir şeyin düzeleceğine inancım kalmadı. Her sabah gözümü açtığımda bir yükle uyanıyorum.,umutsuz,hiçbir şeyin düzeleceğine inancım kalmadı sabah gözümü açtığımda yükle uyanıyorum,hiçbir şeyin düzeleceğine inancım kalmadı sabah gözümü açtığımda yükle uyanıyorum,hiçbir şey düzel inanç kal sabah göz aç yük uyan
Gelecek kelimesi bile kulağa boş geliyor artık. Umut kelimesiyle aram açıldı.,umutsuz,gelecek kelimesi bile kulağa boş geliyor artık umut kelimesiyle aram açıldı,gelecek kelimesi kulağa boş geliyor umut kelimesiyle aram açıldı,gel kelime bile kulak boş gel artık umut kelime ara aç
Yıllardır çabalıyorum ama hâlâ aynı yerdeyim. Artık bir anlamı kalmadı.,umutsuz,yıllardır çabalıyorum hâlâ aynı yerdeyim artık anlamı kalmadı,yıllardır çabalıyorum hâlâ aynı yerdeyim anlamı kalmadı,yıl çabala hala aynı yer artık anlam kal
"Bazen, hiçbir şey yapmadan saatlerce tavana bakıyorum. İçimde en ufak bir kıpırtı bile yok.",umutsuz,bazen hiçbir şey yapmadan saatlerce tavana bakıyorum i̇çimde ufak kıpırtı bile yok,bazen hiçbir şey yapmadan saatlerce tavana bakıyorum i̇çimde ufak kıpırtı yok,bazen hiçbir şey yap saat tavan bak UNK ufak kıpırtı bile yok
"Kendimi sanki boşlukta düşüyormuş gibi hissediyorum, tutunacak hiçbir şey yok.",umutsuz,kendimi sanki boşlukta düşüyormuş hissediyorum tutunacak hiçbir şey yok,kendimi sanki boşlukta düşüyormuş hissediyorum tutunacak hiçbir şey yok,kendi sanki boşluk düş hisset tutun hiçbir şey yok
"Kendimi bu dünyanın fazlası gibi hissediyorum. Sanki herkes bir rol oynuyor, ben sahnenin dışında kalmışım.",umutsuz,kendimi dünyanın fazlası hissediyorum sanki herkes rol oynuyor sahnenin dışında kalmışım,kendimi dünyanın fazlası hissediyorum sanki rol oynuyor sahnenin dışında kalmışım,kendi dünya fazla hisset sanki herkes rol oyna sahne dış kal
"Hayat sadece geçip gidiyor, ben ise sadece izliyorum. Ne hissettiğim bile belli değil artık.",umutsuz,hayat sadece geçip gidiyor sadece izliyorum hissettiğim bile belli değil artık,hayat sadece geçip gidiyor sadece izliyorum hissettiğim belli değil,hayat sadece geç git sadece izle hisset bile belli değil artık
"Sadece bir gün huzurlu uyanmak istiyorum. Savaşmadan, yorulmadan, ağlamadan.",umutsuz,sadece gün huzurlu uyanmak istiyorum savaşmadan yorulmadan ağlamadan,sadece gün huzurlu uyanmak istiyorum savaşmadan yorulmadan ağlamadan,sadece gün huzur uyan iste savaş yor ağla
İnsanlar bana güçlü olduğumu söylüyor ama ben her gün içimde yavaş yavaş yok oluyorum.,umutsuz,i̇nsanlar bana güçlü olduğumu söylüyor gün içimde yavaş yavaş yok oluyorum,i̇nsanlar bana güçlü olduğumu söylüyor gün içimde yavaş yavaş yok oluyorum,UNK ben güç ol söyle gün içim yavaş yavaş yok ol
"Ne kadar çabalasam da hiçbir şey değişmiyor. Belki de sorun bende, bilmiyorum artık.",umutsuz,çabalasam hiçbir şey değişmiyor belki sorun bende bilmiyorum artık,çabalasam hiçbir şey değişmiyor belki sorun bende bilmiyorum,çabala hiçbir şey değiş belki sorun ben bil artık
Artık gülümsemek bile yorucu geliyor. Sanki her şey sadece rol yapmaktan ibaret.,umutsuz,artık gülümsemek bile yorucu geliyor sanki şey sadece rol yapmaktan ibaret,gülümsemek yorucu geliyor sanki şey sadece rol yapmaktan ibaret,artık gülümse bile yor gel sanki şey sadece rol yap ibaret
Sebepsiz bir huzursuzluk içimi kemiriyor.,huzursuz,sebepsiz huzursuzluk içimi kemiriyor,sebepsiz huzursuzluk içimi kemiriyor,sebep huzur iç kemir
Her an kötü bir haber alacakmışım gibi hissediyorum.,huzursuz,an kötü haber alacakmışım hissediyorum,an kötü haber alacakmışım hissediyorum,an kötü haber al hisset
Gün boyu hiçbir şey yapmasam da içim daralıyor.,huzursuz,gün boyu hiçbir şey yapmasam içim daralıyor,gün boyu hiçbir şey yapmasam içim daralıyor,gün boy hiçbir şey yap içim daral
Midemde sürekli bir sıkışma hissi var.,huzursuz,midemde sürekli sıkışma hissi var,midemde sürekli sıkışma hissi var,mide sürekli sıkış hissi var
Bir şey olacakmış gibi tedirgin hissediyorum.,huzursuz,şey olacakmış tedirgin hissediyorum,şey olacakmış tedirgin hissediyorum,şey ol tedirgin hisset
Olaylara normal tepki veremiyorum.,huzursuz,olaylara normal tepki veremiyorum,olaylara normal tepki veremiyorum,olay normal tepki ver
Kalbim hızlı atıyor ama nedenini bilmiyorum.,huzursuz,kalbim hızlı atıyor nedenini bilmiyorum,kalbim hızlı atıyor nedenini bilmiyorum,kalp hız at neden bil
"Aşırı duyarlıyım, her şey batıyor.",huzursuz,aşırı duyarlıyım şey batıyor,aşırı duyarlıyım şey batıyor,aşırı duyarlı şey bat
İçimde sürekli bir gerginlik var.,huzursuz,i̇çimde sürekli gerginlik var,i̇çimde sürekli gerginlik var,UNK sürekli gergin var
İçime sinmeyen bir şeyler var ama ne olduğunu bilmiyorum.,huzursuz,i̇çime sinmeyen şeyler var olduğunu bilmiyorum,i̇çime sinmeyen şeyler var olduğunu bilmiyorum,UNK sin şey var ol bil
Etrafımdaki sesler bile beni rahatsız ediyor.,huzursuz,etrafımdaki sesler bile beni rahatsız ediyor,etrafımdaki sesler beni rahatsız ediyor,etraf ses bile ben rahat et
Küçük kararlar bile beni strese sokuyor.,huzursuz,küçük kararlar bile beni strese sokuyor,küçük kararlar beni strese sokuyor,küçük karar bile ben stres sok
Her an kötü bir şey olacakmış gibi bekliyorum.,huzursuz,an kötü şey olacakmış bekliyorum,an kötü şey olacakmış bekliyorum,an kötü şey ol bekle
Odanın havası bile boğucu geliyor.,huzursuz,odanın havası bile boğucu geliyor,odanın havası boğucu geliyor,oda hava bile boğ gel
Uyurken bile rahat hissedemiyorum.,huzursuz,uyurken bile rahat hissedemiyorum,uyurken rahat hissedemiyorum,uyu bile rahat hisset
Kendimi sürekli takip ediliyormuş gibi hissediyorum.,huzursuz,kendimi sürekli takip ediliyormuş hissediyorum,kendimi sürekli takip ediliyormuş hissediyorum,kendi sürekli takip et hisset
Oturduğum yerde bile içimde bir huzursuzluk var.,huzursuz,oturduğum yerde bile içimde huzursuzluk var,oturduğum yerde içimde huzursuzluk var,otur yer bile içim huzur var
Etrafımdaki düzen bile içimi sıkıyor.,huzursuz,etrafımdaki düzen bile içimi sıkıyor,etrafımdaki düzen içimi sıkıyor,etraf düzen bile iç sık
Sessizlik artık bana huzur değil baskı veriyor.,huzursuz,sessizlik artık bana huzur değil baskı veriyor,sessizlik bana huzur değil baskı veriyor,ses artık ben huzur değil baskı ver
Plan dışı her şey beni tedirgin ediyor.,huzursuz,plan dışı şey beni tedirgin ediyor,plan dışı şey beni tedirgin ediyor,plan dış şey ben tedirgin et
İnsanlarla birlikteyken bile rahatsızım.,huzursuz,i̇nsanlarla birlikteyken bile rahatsızım,i̇nsanlarla birlikteyken rahatsızım,UNK birlik bile rahat
"Derin bir huzursuzluk hissi, tarif edemiyorum.",huzursuz,derin huzursuzluk hissi tarif edemiyorum,derin huzursuzluk hissi tarif edemiyorum,derin huzur hissi tarif et
"Yerimde duramıyorum, içim kıpır kıpır ama kötü anlamda.",huzursuz,yerimde duramıyorum içim kıpır kıpır kötü anlamda,yerimde duramıyorum içim kıpır kıpır kötü anlamda,yer dur içim kıpır kıpır kötü anlam
İnsanlara bir şey anlatmak içimi daha da daraltıyor.,huzursuz,i̇nsanlara şey anlatmak içimi daraltıyor,i̇nsanlara şey anlatmak içimi daraltıyor,UNK şey anla iç daral
Kendi evimde bile güvende hissetmiyorum.,huzursuz,kendi evimde bile güvende hissetmiyorum,kendi evimde güvende hissetmiyorum,kendi ev bile güven hisset
Sürekli üstümde bir baskı hissi var.,huzursuz,sürekli üstümde baskı hissi var,sürekli üstümde baskı hissi var,sürekli üst baskı hissi var
Her şeyi kontrol etmek zorunda hissediyorum.,huzursuz,şeyi kontrol etmek zorunda hissediyorum,şeyi kontrol etmek zorunda hissediyorum,şe kontrol et zor hisset
Çevremdeki insanların ne düşündüğünü takıntı haline getirdim.,huzursuz,çevremdeki insanların düşündüğünü takıntı haline getirdim,çevremdeki insanların düşündüğünü takıntı haline getirdim,çevre insan düşün takıntı hal getir
Sabah kalktığımda içimde bir ağırlık oluyor.,huzursuz,sabah kalktığımda içimde ağırlık oluyor,sabah kalktığımda içimde ağırlık oluyor,sabah kalk içim ağırlık ol
Eşyaların yerini değiştirince bile geriliyorum.,huzursuz,eşyaların yerini değiştirince bile geriliyorum,eşyaların yerini değiştirince geriliyorum,eşya yer değiştiri bile gerile
Küçük şeyler bile kafama takılıyor.,huzursuz,küçük şeyler bile kafama takılıyor,küçük şeyler kafama takılıyor,küçük şey bile kafa takıl
Belirsizlik dayanılmaz hale geliyor.,huzursuz,belirsizlik dayanılmaz hale geliyor,belirsizlik dayanılmaz hale geliyor,belirsiz dayanılmaz hal gel
Sakin kalmak imkânsız gibi.,huzursuz,sakin kalmak imkânsız,sakin kalmak imkânsız,sakin kal imkan
Gözlerim açık ama hiçbir şey görmüyormuşum gibi.,huzursuz,gözlerim açık hiçbir şey görmüyormuşum,gözlerim açık hiçbir şey görmüyormuşum,göz açık hiçbir şey gör
Kalabalıklar beni ciddi anlamda bunaltıyor.,huzursuz,kalabalıklar beni ciddi anlamda bunaltıyor,kalabalıklar beni ciddi anlamda bunaltıyor,kalabalık ben ciddi anlam bunal
Dışarı çıkmak istemiyorum ama evde kalmak da sıkıyor.,huzursuz,dışarı çıkmak istemiyorum evde kalmak sıkıyor,dışarı çıkmak istemiyorum evde kalmak sıkıyor,dışarı çık iste ev kal sık
Derin nefes alsam da rahatlayamıyorum.,huzursuz,derin nefes alsam rahatlayamıyorum,derin nefes alsam rahatlayamıyorum,derin nefes al rahatla
Kendi düşüncelerimden bile huzursuz oluyorum.,huzursuz,kendi düşüncelerimden bile huzursuz oluyorum,kendi düşüncelerimden huzursuz oluyorum,kendi düşünce bile huzur ol
İçimde tanımlayamadığım bir huzursuzluk var.,huzursuz,i̇çimde tanımlayamadığım huzursuzluk var,i̇çimde tanımlayamadığım huzursuzluk var,UNK tanımla huzur var
Sürekli bir karar verme baskısı var üzerimde.,huzursuz,sürekli karar verme baskısı var üzerimde,sürekli karar verme baskısı var üzerimde,sürekli karar ver baskı var üzeri
Sürekli tetikte olmak inanılmaz yorucu.,huzursuz,sürekli tetikte olmak inanılmaz yorucu,sürekli tetikte olmak inanılmaz yorucu,sürekli tetik ol inan yor
Her şey kontrolüm dışında gelişiyor gibi.,huzursuz,şey kontrolüm dışında gelişiyor,şey kontrolüm dışında gelişiyor,şey kontrol dış geliş
Evde yalnız kalınca panik yapıyorum.,huzursuz,evde yalnız kalınca panik yapıyorum,evde yalnız kalınca panik yapıyorum,ev yalnız kalın panik yap
Kendimi sık sık nefes kontrolü yaparken buluyorum.,huzursuz,kendimi sık sık nefes kontrolü yaparken buluyorum,kendimi sık sık nefes kontrolü yaparken buluyorum,kendi sık sık nefes kontrol yap bul
Kalabalık ortamlar mideme ağrılar sokuyor.,huzursuz,kalabalık ortamlar mideme ağrılar sokuyor,kalabalık ortamlar mideme ağrılar sokuyor,kalabalık ortam mide ağrı sok
Gün boyunca diken üstünde gibi hissediyorum.,huzursuz,gün boyunca diken üstünde hissediyorum,gün boyunca diken üstünde hissediyorum,gün boyunca diken üst hisset
Her şey kontrolümden çıkacakmış gibi.,huzursuz,şey kontrolümden çıkacakmış,şey kontrolümden çıkacakmış,şey kontrol çık
Sabah kalkınca bir sebep olmadan kalbim çarpıyor.,huzursuz,sabah kalkınca sebep olmadan kalbim çarpıyor,sabah kalkınca sebep olmadan kalbim çarpıyor,sabah kalk sebep ol kalp çarp
Sanki içimde bir şey eksik ama ne olduğunu bilmiyorum.,huzursuz,sanki içimde şey eksik olduğunu bilmiyorum,sanki içimde şey eksik olduğunu bilmiyorum,sanki içim şey eksik ol bil
Etrafımdakiler mutlu ama ben hep huzursuzum.,huzursuz,etrafımdakiler mutlu hep huzursuzum,etrafımdakiler mutlu huzursuzum,etraf mutlu hep huzur
Televizyonun sesi bile fazla geliyor artık.,huzursuz,televizyonun sesi bile fazla geliyor artık,televizyonun sesi fazla geliyor,televizyon ses bile fazla gel artık
Uyandığım anla birlikte huzursuzluk başlıyor.,huzursuz,uyandığım anla birlikte huzursuzluk başlıyor,uyandığım anla birlikte huzursuzluk başlıyor,uyan anla birlikte huzur başla
Küçücük şeylere bile anında tepki veriyorum.,huzursuz,küçücük şeylere bile anında tepki veriyorum,küçücük şeylere anında tepki veriyorum,küçücük şey bile an tepki ver
Hava bile boğucu geliyor bazı günler.,huzursuz,hava bile boğucu geliyor bazı günler,hava boğucu geliyor bazı günler,hava bile boğ gel bazı gün
Kafamın içinde durmadan dönen düşünceler var.,huzursuz,kafamın içinde durmadan dönen düşünceler var,kafamın içinde durmadan dönen düşünceler var,kafa iç dur dönen düşünce var
Yemeğim bile içime sinmeden yiyorum.,huzursuz,yemeğim bile içime sinmeden yiyorum,yemeğim içime sinmeden yiyorum,yemek bile iç sin ye
Her şey yolunda gitse bile içim rahat değil.,huzursuz,şey yolunda gitse bile içim rahat değil,şey yolunda gitse içim rahat değil,şey yol git bile içim rahat değil
Gün içinde birkaç kez titrediğimi fark ediyorum.,huzursuz,gün içinde birkaç kez titrediğimi fark ediyorum,gün içinde kez titrediğimi fark ediyorum,gün iç birkaç kez titre fark et
Gece yatağa yattığımda rahatlamak mümkün olmuyor.,huzursuz,gece yatağa yattığımda rahatlamak mümkün olmuyor,gece yatağa yattığımda rahatlamak mümkün olmuyor,gece yatak yat rahatla mümkün ol
Hemen sinirlenip sonra vicdan azabı duyuyorum.,huzursuz,hemen sinirlenip sonra vicdan azabı duyuyorum,hemen sinirlenip sonra vicdan azabı duyuyorum,hemen sinir sonra vicdan azap duy
İnsanların bana baktığını düşünüp huzursuz oluyorum.,huzursuz,i̇nsanların bana baktığını düşünüp huzursuz oluyorum,i̇nsanların bana baktığını düşünüp huzursuz oluyorum,UNK ben bak düşün huzur ol
Her şey sanki olması gerekenden farklı gibi.,huzursuz,şey sanki olması gerekenden farklı,şey sanki olması gerekenden farklı,şey sanki ol gerek fark
Fiziksel olarak bir sorun yok ama hep diken üstündeyim.,huzursuz,fiziksel olarak sorun yok hep diken üstündeyim,fiziksel olarak sorun yok diken üstündeyim,fizik ol sorun yok hep diken üstün
Aynaya bakmak istemediğim zamanlar oluyor.,huzursuz,aynaya bakmak istemediğim zamanlar oluyor,aynaya bakmak istemediğim zamanlar oluyor,ayna bak iste zaman ol
Etraftaki hareketler bile beni rahatsız ediyor.,huzursuz,etraftaki hareketler bile beni rahatsız ediyor,etraftaki hareketler beni rahatsız ediyor,etraf hareket bile ben rahat et
Her kararın sonucu kötü olacakmış gibi geliyor.,huzursuz,kararın sonucu kötü olacakmış geliyor,kararın sonucu kötü olacakmış geliyor,karar sonuç kötü ol gel
Durduk yere boğazım düğümleniyor.,huzursuz,durduk yere boğazım düğümleniyor,durduk yere boğazım düğümleniyor,dur yer boğaz düğümle
Koltukta bile otururken içim rahat değil.,huzursuz,koltukta bile otururken içim rahat değil,koltukta otururken içim rahat değil,koltuk bile otur içim rahat değil
"İçimde bir sıkışma var, geçmek bilmiyor.",huzursuz,i̇çimde sıkışma var geçmek bilmiyor,i̇çimde sıkışma var geçmek bilmiyor,UNK sıkış var geç bil
Uyuyamadan saatlerce dönüp duruyorum.,huzursuz,uyuyamadan saatlerce dönüp duruyorum,uyuyamadan saatlerce dönüp duruyorum,uyu saat dön dur
Sürekli bir şey unutuyormuşum hissi.,huzursuz,sürekli şey unutuyormuşum hissi,sürekli şey unutuyormuşum hissi,sürekli şey unut hissi
En basit şeyler bile içime dert oluyor.,huzursuz,basit şeyler bile içime dert oluyor,basit şeyler içime dert oluyor,basit şey bile iç dert ol
Aklımda bir sürü ihtimal var ve hepsi kötü.,huzursuz,aklımda sürü ihtimal var hepsi kötü,aklımda sürü ihtimal var hepsi kötü,akıl sürü ihtimal var hepsi kötü
Korkacak bir şey yokken bile içim daralıyor.,huzursuz,korkacak şey yokken bile içim daralıyor,korkacak şey yokken içim daralıyor,kork şey yok bile içim daral
İçsel bir huzura o kadar uzağım ki...,huzursuz,i̇çsel huzura uzağım,i̇çsel huzura uzağım,UNK huzur uzak
Kendi içimde sıkışıp kalmış gibiyim.,huzursuz,kendi içimde sıkışıp kalmış gibiyim,kendi içimde sıkışıp kalmış gibiyim,kendi içim sıkış kal gibi
Müzik bile artık sakinleştirmiyor.,huzursuz,müzik bile artık sakinleştirmiyor,müzik sakinleştirmiyor,müzik bile artık sakin
Çevremdeki gürültü sinir bozucu geliyor.,huzursuz,çevremdeki gürültü sinir bozucu geliyor,çevremdeki gürültü sinir bozucu geliyor,çevre gürültü sinir boz gel
Otobüste bile bir an önce inmek istiyorum.,huzursuz,otobüste bile an önce inmek istiyorum,otobüste an önce inmek istiyorum,otobüs bile an önce in iste
Gece sessizliği bile tehdit gibi geliyor.,huzursuz,gece sessizliği bile tehdit geliyor,gece sessizliği tehdit geliyor,gece ses bile tehdit gel
İnsanların konuşması içimi sıkıyor.,huzursuz,i̇nsanların konuşması içimi sıkıyor,i̇nsanların konuşması içimi sıkıyor,UNK konuş iç sık
Her hareketimi kontrol etmeye çalışıyorum.,huzursuz,hareketimi kontrol etmeye çalışıyorum,hareketimi kontrol etmeye çalışıyorum,hareket kontrol et çalış
Sessizliğe kaçmak istiyorum ama orada da rahat değilim.,huzursuz,sessizliğe kaçmak istiyorum orada rahat değilim,sessizliğe kaçmak istiyorum orada rahat değilim,ses kaç iste ora rahat değil
Rahatlamaya çalıştıkça daha da geriliyorum.,huzursuz,rahatlamaya çalıştıkça geriliyorum,rahatlamaya çalıştıkça geriliyorum,rahatla çalış gerile
Hiçbir yerde tam anlamıyla rahat hissedemiyorum.,huzursuz,hiçbir yerde tam anlamıyla rahat hissedemiyorum,hiçbir yerde tam anlamıyla rahat hissedemiyorum,hiçbir yer tam anlam rahat hisset
Zihnim sürekli senaryolar kuruyor.,huzursuz,zihnim sürekli senaryolar kuruyor,zihnim sürekli senaryolar kuruyor,zihin sürekli senaryo kur
Gün içinde sebepsiz bir huzursuzluk gelip geçiyor.,huzursuz,gün içinde sebepsiz huzursuzluk gelip geçiyor,gün içinde sebepsiz huzursuzluk gelip geçiyor,gün iç sebep huzur gel geç
Bir türlü kendimi bırakıp gevşeyemiyorum.,huzursuz,türlü kendimi bırakıp gevşeyemiyorum,türlü kendimi bırakıp gevşeyemiyorum,türlü kendi bırak gevşe
Sanki biri beni izliyormuş gibi hissediyorum.,huzursuz,sanki biri beni izliyormuş hissediyorum,sanki biri beni izliyormuş hissediyorum,sanki biri ben izle hisset
Gün bitince bile rahatlamıyorum.,huzursuz,gün bitince bile rahatlamıyorum,gün bitince rahatlamıyorum,gün bit bile rahatla
İç sesim sürekli konuşuyor ve susmuyor.,huzursuz,i̇ç sesim sürekli konuşuyor susmuyor,i̇ç sesim sürekli konuşuyor susmuyor,UNK ses sürekli konuş sus
Aynı düşünceler defalarca kafamda dönüyor.,huzursuz,aynı düşünceler defalarca kafamda dönüyor,aynı düşünceler defalarca kafamda dönüyor,aynı düşünce defalarca kafa dön
Gelecek düşüncesi içimi daraltıyor.,huzursuz,gelecek düşüncesi içimi daraltıyor,gelecek düşüncesi içimi daraltıyor,gel düşünce iç daral
O kadar dikkatliyim ki bu bile yoruyor.,huzursuz,dikkatliyim bile yoruyor,dikkatliyim yoruyor,dikkat bile yor
Aniden ağlayacak gibi hissediyorum.,huzursuz,aniden ağlayacak hissediyorum,aniden ağlayacak hissediyorum,aniden ağla hisset
Sadece oturmak bile rahatsız hissettiriyor.,huzursuz,sadece oturmak bile rahatsız hissettiriyor,sadece oturmak rahatsız hissettiriyor,sadece otur bile rahat hisset
Kendimi yatıştırmakta çok zorlanıyorum.,huzursuz,kendimi yatıştırmakta zorlanıyorum,kendimi yatıştırmakta zorlanıyorum,kendi yatış zorla
Elim titriyor ama nedenini bilmiyorum.,huzursuz,elim titriyor nedenini bilmiyorum,elim titriyor nedenini bilmiyorum,el titre neden bil
İçimden hiçbir şey yapmak gelmiyor ama yatınca huzursuzum.,huzursuz,i̇çimden hiçbir şey yapmak gelmiyor yatınca huzursuzum,i̇çimden hiçbir şey yapmak gelmiyor yatınca huzursuzum,UNK hiçbir şey yap gel yat huzur
 Huzur kelimesi bile uzak bir hayal gibi geliyor.,huzursuz,huzur kelimesi bile uzak hayal geliyor,huzur kelimesi uzak hayal geliyor,huzur kelime bile uzak hayal gel
