Yorum,Duygu
Geleceği düşünmek beni her geçen gün daha fazla kaygılandırıyor.,kaygılı
Uyandığımda içimde bir tedirginlik oluyor.,kaygılı
Sabahları uyanmak bile artık içimde büyük bir endişe yaratıyor.,kaygılı
Uyandığımda içimde bir tedirginlik oluyor.,kaygılı
Sınav günü yaklaştıkça kalbim yerinden çıkacak gibi oluyor.,kaygılı
Başkalarının fikirleri beni çok etkiliyor.,kaygılı
İş yerindeki performans baskısı yüzünden sürekli diken üzerindeyim.,kaygılı
Bazen kaygının nedenini bile bilmiyorum ama içim rahat değil.,kaygılı
Bir şeyleri kaçırıyormuşum hissi beni yiyor bitiriyor.,kaygılı
Kafamın içi hiç durmadan konuşuyor.,kaygılı
Sosyal ortamlarda hep yanlış bir şey söyleyecekmişim gibi kaygılanıyorum.,kaygılı
Çok kalabalık ortamlar beni rahatsız ediyor.,kaygılı
Telefonum çaldığında bile kötü bir haber alacakmışım gibi hissediyorum.,kaygılı
Bir şeyleri unuttuğumda başıma kötü bir şey gelecekmiş gibi hissediyorum.,kaygılı
Ailem için yeterince iyi olmadığımı düşündükçe panik oluyorum.,kaygılı
Sürekli tetikte olmak çok yorucu.,kaygılı
"Kalabalık yerlerde nefes almakta zorlanıyorum, kaygı basıyor.",kaygılı
Yalnız kalınca düşüncelerim daha da artıyor.,kaygılı
Yarın ne olacağını bilememek beni içten içe yıpratıyor.,kaygılı
Bir hata yaparsam herkes beni yargılar diye korkuyorum.,kaygılı
Geceleri kaygı yüzünden uyuyamıyorum.,kaygılı
Kendi duygularımı kontrol edememek beni endişelendiriyor.,kaygılı
Sürekli olarak her şeyin kötü gideceğini düşünüyorum.,kaygılı
Başarısız olma korkusu beni felç ediyor.,kaygılı
İnsanların ne düşündüğü konusunda fazla kafa yoruyorum.,kaygılı
"Gerginliğim yüzüme vuruyor, insanlar fark ediyor.",kaygılı
Geçmişte yaptığım hatalar aklıma geldikçe kendime kızıyorum.,kaygılı
İş yerinde küçük bir hata bile beni günlerce etkiliyor.,kaygılı
Ani sesler beni anında panikletiyor.,kaygılı
Topluluk içinde konuşurken boğazım düğümleniyor.,kaygılı
"Sosyal medya beni sürekli kaygılandırıyor, herkes mükemmel gibi.",kaygılı
Gelecek planı yapmak imkansız gibi geliyor.,kaygılı
Uçak yolculuğu öncesi karnıma ağrılar giriyor.,kaygılı
"Yetişememekten, geç kalmaktan sürekli kaygılanıyorum.",kaygılı
Sevdiklerime bir şey olacak diye sürekli endişeleniyorum.,kaygılı
Her şey kontrolümden çıkacakmış gibi hissediyorum.,kaygılı
Yanlış anlaşılmaktan korkuyorum.,kaygılı
İnsanlarla yüz yüze gelmek beni yoruyor.,kaygılı
Evden çıkmadan önce her şeyi defalarca kontrol ediyorum.,kaygılı
Telefon konuşmaları bile beni geriyor.,kaygılı
Yeni biriyle tanışmak bana büyük kaygı veriyor.,kaygılı
Kaygı geldiğinde başım dönmeye başlıyor.,kaygılı
"Geleceğe dair hiçbir plan yapamıyorum, her şey belirsiz.",kaygılı
Önemli kararlar verirken kendime hiç güvenemiyorum.,kaygılı
En ufak başarısızlık beni haftalarca huzursuz ediyor.,kaygılı
Sürekli bir şeyleri kaçırıyormuşum gibi hissediyorum.,kaygılı
İş görüşmelerinde elim ayağım titriyor.,kaygılı
Bu dünyada yerim yokmuş gibi hissediyorum.,kaygılı
Konuşurken sesimin titrediğini fark ettikçe daha çok panikliyorum.,kaygılı
Hiçbir şeyden keyif alamaz hale geldim.,kaygılı
Kimseyi hayal kırıklığına uğratmak istemiyorum ama hep kaygılıyım.,kaygılı
Ailem bana güvensin istiyorum ama hata yapacağım diye korkuyorum.,kaygılı
Alışverişe çıktığımda bile insanların bakışlarından rahatsız oluyorum.,kaygılı
Uyumadan önce kafamın içi durmuyor.,kaygılı
Kalp çarpıntılarım bazen durduk yere başlıyor.,kaygılı
İlişkilerde hep terk edilmekten korkuyorum.,kaygılı
Bir hata yaptığımda kendimi affedemiyorum.,kaygılı
Güvende değilim hissi sürekli içimde.,kaygılı
Gece yatağa girince aklıma binlerce olumsuz senaryo geliyor.,kaygılı
Düşüncelerim bana zarar veriyor gibi hissediyorum.,kaygılı
Her zaman hazırlıklı olmalıyım hissi beni yoruyor.,kaygılı
Her an ağlayacak gibi hissediyorum.,kaygılı
Herkes benden bir şey bekliyormuş gibi hissediyorum.,kaygılı
Geleceğim yokmuş gibi hissediyorum.,kaygılı
Sürekli kötü şeyler olacakmış gibi bir korku içindeyim.,kaygılı
Başkalarına göre yetersizim gibi geliyor.,kaygılı
Zamanla yarışıyormuşum gibi hissediyorum.,kaygılı
Toplantılar bana işkence gibi geliyor.,kaygılı
Dışarıda yalnız yürürken arkamda biri varmış gibi hissediyorum.,kaygılı
Kaygı atağı geldiğinde hiçbir şey düşünemiyorum.,kaygılı
"Sunum yapmadan önce ellerim terliyor, dilim dolanıyor.",kaygılı
Gelecekle ilgili düşününce mideme ağrılar giriyor.,kaygılı
Sağlık kontrollerinden hep kötü bir sonuç çıkacak sanıyorum.,kaygılı
Her şey yolunda gitse bile kötü bir şey olacak diye korkuyorum.,kaygılı
Kendi kendime konuştuğumu fark ettiğimde bile endişeleniyorum.,kaygılı
Kendime haksızlık ettiğimi fark ediyorum ama duramıyorum.,kaygılı
Zamanında yetiştiremezsem ne olur korkusu sürekli aklımda.,kaygılı
Küçük detaylar bile beni çok düşündürüyor.,kaygılı
Mesajıma geç cevap gelince bir şey mi oldu acaba diye düşünüyorum.,kaygılı
Kalabalıkta yürürken başım dönüyor.,kaygılı
İnsanların arasında kendimi küçülmüş hissediyorum.,kaygılı
Duygularımı gizlemeye çalışmak bile yoruyor.,kaygılı
Sessiz ortamlarda bile bir şeylerin ters gideceğini düşünüyorum.,kaygılı
Sürekli en kötü senaryoyu kuruyorum kafamda.,kaygılı
Sırada beklerken bile içim daralıyor.,kaygılı
İçimde garip bir baskı hissi var.,kaygılı
"Metroya binerken içim sıkılıyor, ya çıkamazsam diye korkuyorum.",kaygılı
Herkesin beni izlediğini sanıyorum.,kaygılı
Bir toplantı öncesi dakikalar geçmek bilmiyor.,kaygılı
Sosyal medyada paylaştığım bir şey yanlış anlaşılır mı diye kaygılanıyorum.,kaygılı
Tanımadığım biriyle konuşurken bile tedirgin oluyorum.,kaygılı
Kendime güvenememek her şeyi zorlaştırıyor.,kaygılı
Dış görünüşüm hakkında hep endişeliyim.,kaygılı
Duygularımı kimse anlamıyor gibi hissediyorum.,kaygılı
Çalışmalarım yeterli mi diye sürekli düşünmekten yoruldum.,kaygılı
Sorumluluklarım arttıkça kaygım da artıyor.,kaygılı
Her şeyin mükemmel olması gerektiğini düşünüyorum.,kaygılı
"Geleceğe dair hiçbir şeyin garantisi yok, bu beni korkutuyor.",kaygılı
Hiçbir şeyi tam yapamıyor gibi hissediyorum.,kaygılı
Kaygı beni ele geçirmiş gibi hissediyorum.,kaygılı
"Üzerimde sürekli bir baskı hissediyorum, bu stres beni tüketiyor.",stresli
"Ofisteki ortam aşırı gergin, huzursuzum.",stresli
İş yerindeki teslim tarihleri yüzünden nefes alamıyorum.,stresli
Evin geçimi için sürekli plan yapmam gerek.,stresli
"Geceleri düşünmekten uyuyamıyorum, stresim hiç geçmiyor.",stresli
Kendimi sıkışmış gibi hissediyorum.,stresli
Her gün işe gitmek beni daha fazla geriyor.,stresli
Tek başıma bu kadar yükü taşıyamam.,stresli
Hayatımda her şey üstüme üstüme geliyor.,stresli
Dinlenmeye zamanım kalmadı.,stresli
"Zaman yetmiyor, gün içinde sürekli koşturuyorum.",stresli
Ufacık detaylara bile kafayı takar oldum.,stresli
"Sınav haftası boyunca midem ağrıyor, stresten yemek bile yiyemiyorum.",stresli
Kendime ayıracak 5 dakikam bile yok.,stresli
"Her gün işe gitmeden önce karnım ağrıyor, stres bedenimi ele geçirmiş.",stresli
İnsanlardan uzak kalmak istiyorum.,stresli
"Sürekli yetiştirmem gereken şeyler var, kafam hiç rahat değil.",stresli
Stres artık normalim oldu.,stresli
"Gün boyu hiçbir şey yapmasam da bitkinim, bu stres beni mahvediyor.",stresli
Herkese yetişmeye çalışmaktan yoruldum.,stresli
İnsanlarla uğraşmak beni inanılmaz geriyor.,stresli
Çok az uyuyorum ama hala işler birikiyor.,stresli
Patronun beklentileri beni baskı altında hissettiriyor.,stresli
Kalbim gün içinde aniden hızlı atmaya başlıyor.,stresli
"Çok fazla sorumluluğum var, hangisini önce yapacağımı bilemiyorum.",stresli
Telefona bakarken bile içimde huzursuzluk oluyor.,stresli
Annemle olan ilişkimiz beni sürekli strese sokuyor.,stresli
Zamanla yarışır gibiyim.,stresli
İlişkimdeki belirsizlik beni çok yıpratıyor.,stresli
İşe odaklanamıyorum çünkü sürekli aklım başka yerde.,stresli
Herkesin benden mükemmel olmamı beklemesi dayanılmaz.,stresli
Sürekli tetikte olmak yıpratıcı.,stresli
Trafikte geçirdiğim zaman sinir sistemimi mahvediyor.,stresli
Okul-iş arasında gidip gelmek psikolojimi bozuyor.,stresli
Küçük şeyler bile beni çok kolay strese sokuyor.,stresli
Sorumluluklarımı unutacağım korkusuyla her şeyi not alıyorum.,stresli
Sürekli tetikte olmak zorundaymışım gibi hissediyorum.,stresli
"İnsanlar beni anlamıyor, bu da beni strese sokuyor.",stresli
Maddi sıkıntılarım beni geceleri bile rahat bırakmıyor.,stresli
Kendimi hep eksik hissediyorum.,stresli
"Sınavdan önce ellerim terliyor, içimde tarif edilemez bir stres oluyor.",stresli
Gülümsemeye çalışıyorum ama içim yanıyor.,stresli
Sosyal ortamlarda nasıl davranmam gerektiğini düşünmek bile yoruyor.,stresli
Sadece nefes almak bile yorucu geliyor.,stresli
Evdeki gürültü bile beni sinirlendirmeye başladı.,stresli
Mükemmel olmaya çalışırken kendimi kaybediyorum.,stresli
Telefona gelen her bildirim kalbimi hızlı attırıyor.,stresli
İnsanlarla yüzleşmek istemiyorum.,stresli
Hatalarım yüzünden kendimi sürekli baskı altında hissediyorum.,stresli
"Bazen bağırmak istiyorum, içimde birikiyor.",stresli
Artık hiçbir şeyi tam yapamıyorum gibi geliyor.,stresli
Her sabah uyanmak daha da zor geliyor.,stresli
Arkadaşlarımın beklentilerini karşılayamamak beni üzüyor.,stresli
Duygularımı bastırmak beni daha çok yoruyor.,stresli
Sürekli bir şeyleri kaçırıyorum hissi içimde.,stresli
Kimseye hayır diyememek strese neden oluyor.,stresli
Her hafta toplantı hazırlığı yapmak beni geriyor.,stresli
Başkalarının beklentileriyle yaşıyorum.,stresli
İşe geç kalma korkusu stres yaratıyor.,stresli
Her adımımı planlamazsam huzursuz oluyorum.,stresli
Geleceğe dair plan yapamamak beni endişelendiriyor.,stresli
Gün sonunda başım çatlıyor.,stresli
Her şeyden ben sorumluymuşum gibi davranıyorlar.,stresli
Sürekli kontrol etmeye çalışmak beni delirtmek üzere.,stresli
Kendime hiç zaman ayıramamak beni daha da sinirlendiriyor.,stresli
Herkese yetişmek mümkün değil ama yine de deniyorum.,stresli
Hayat kontrolümden çıkmış gibi hissediyorum.,stresli
Rutinlerime küçük bir şey eklense tüm günüm mahvoluyor.,stresli
"Evdeki işler hiç bitmiyor, hep bir telaşe içindeyim.",stresli
Stres altında karar veremiyorum.,stresli
Arkadaş grubumda bile sürekli geriliyorum.,stresli
Dışarı çıkmadan önce saatlerce hazırlanıyorum çünkü stresli oluyorum.,stresli
Sosyal medya bile artık stres kaynağı oldu.,stresli
Elimden gelenin en iyisini yapıyorum ama yetmiyor gibi hissediyorum.,stresli
Her gün aynı döngüde yaşamak beni yoruyor.,stresli
Uyumadan önce yapılacaklar listesi aklımda dönüp duruyor.,stresli
"Okulda proje teslim tarihleri üst üste geldi, başım dönüyor.",stresli
Sürekli yeni bir sorumluluk yükleniyor.,stresli
Düşünmekten başım ağrıyor.,stresli
İnsanlara hayır dediğimde suçluluk duyuyorum.,stresli
Her hafta sonu plan yapmak zorunda kalmak bile stresli.,stresli
Ertelenmiş işler uykularımı kaçırıyor.,stresli
Vücudumda stresin fiziksel etkilerini hissediyorum.,stresli
İş dışında da sürekli işle meşgulüm.,stresli
Her şeyin mükemmel olması gerektiğini düşünüyorum.,stresli
Kendimi hep yetersiz hissediyorum.,stresli
Ailemden gelen beklentiler beni ağırlaştırıyor.,stresli
Sürekli eleştirileceğim korkusuyla yaşıyorum.,stresli
Evden çıkmadan önce ne giyeceğim bile beni geriyor.,stresli
"Her şey birikiyor, içim şişiyor.",stresli
Topluluk önünde konuşmak bana dayanılmaz geliyor.,stresli
Kaçmak istiyorum ama nereye bilmiyorum.,stresli
İç sesim beni hep daha fazlasını yapmaya zorluyor.,stresli
Dinlenmek istiyorum ama stres buna izin vermiyor.,stresli
Her gün baş ağrısıyla uyanıyorum.,stresli
Sevdiklerime zaman ayıramamak vicdan azabı yaratıyor.,stresli
Kendimi toparlayacak gücü bulamıyorum.,stresli
Bitmeyen sorumluluklar hayatımı zehir ediyor.,stresli
Gülümsemek için bile efor harcamam gerekiyor.,stresli
Bu stres beni tüketti.,stresli
Kendimi son zamanlarda çok yalnız ve değersiz hissediyorum.,üzgün
İnsanlar yanımda ama ben kendimi terkedilmiş hissediyorum.,üzgün
Hiçbir şey eskisi gibi keyif vermiyor.,üzgün
"Telefonum çalmıyor, kimse beni merak etmiyor gibi.",üzgün
Gülümsemeye çalışıyorum ama içimde bir boşluk var.,üzgün
Hayallerimi birer birer gömdüm.,üzgün
Hayatın yükü omuzlarımı ezdikçe daha da üzülüyorum.,üzgün
Yalnızken daha az yargılanıyorum.,üzgün
Kimse beni anlamıyor gibi hissediyorum.,üzgün
"Sürekli geçmişi düşünüyorum, ileriye bakamıyorum.",üzgün
Herkes mutlu görünürken ben neden hep böyleyim bilmiyorum.,üzgün
Gözlerimin altındaki morluklar hissettiklerimi anlatıyor.,üzgün
"İçimde sürekli bir hüzün var, geçmek bilmiyor.",üzgün
Mutlu insanları gördükçe içim daha çok acıyor.,üzgün
Sevdiklerimin beni anlamaması çok canımı yakıyor.,üzgün
Umutlanmak bile acı veriyor artık.,üzgün
Kalabalıklar içinde bile kendimi yalnız hissediyorum.,üzgün
Sadece biri “iyi misin?” dese gözlerim dolacak.,üzgün
Hayatımda hiçbir şey yolunda gitmiyor.,üzgün
Kimseye yük olmak istemediğim için uzak duruyorum.,üzgün
İnsanların yanında güçlü görünmeye çalışmak çok yorucu.,üzgün
Ne zaman mutluluğa yaklaşsam elimden kayıyor.,üzgün
Gözyaşlarımı kimseye göstermeden yutuyorum.,üzgün
Sessizlik bile artık huzur vermiyor.,üzgün
"Her şey üzerime geliyor, çıkış yolu yok gibi.",üzgün
Gülümsemem sahte ama başka çarem yok.,üzgün
Zaman geçtikçe her şeye karşı ilgimi kaybediyorum.,üzgün
"Kalbim sıkışıyor bazen, sanki bir şey eksik.",üzgün
İçimde çözülemeyen bir acı var.,üzgün
Umutlarım yavaş yavaş soluyor.,üzgün
"Artık hayal kuramıyorum, çünkü kırılmaktan yoruldum.",üzgün
İnsanlar arasında bile kendimi tek başıma hissediyorum.,üzgün
Kendimi hep eksik ve yetersiz hissediyorum.,üzgün
Düşüncelerim boğuluyormuşum gibi hissettiriyor.,üzgün
"Uyumak istiyorum, çünkü uyanmak çok zor geliyor.",üzgün
Sabahları neden kalkmam gerektiğini bile bilmiyorum.,üzgün
Duygularımı bastırdıkça daha çok içine kapanıyorum.,üzgün
İçimdeki sessiz çığlıklar duyulmuyor.,üzgün
Eskiden mutlu olduğum şeyler bile artık anlamsız.,üzgün
Sevilmediğimi hissettikçe uzaklaşıyorum herkesten.,üzgün
"Ne zaman mutlu olsam, bir şey onu bozuyor.",üzgün
Kendimi toparlamak için çabaladıkça daha da düşüyorum.,üzgün
Umursamaz görünsem de aslında içim kan ağlıyor.,üzgün
Yalnızlık boğucu bir sessizlik.,üzgün
Herkesi mutlu etmeye çalışmaktan kendimi unuttum.,üzgün
Dışarıdan sakin görünüyorum ama içim fırtına.,üzgün
"Bazen yok olmak istiyorum, sadece bir süreliğine bile olsa.",üzgün
İnsanlar beni ne zaman arasa gücüm kalmıyor.,üzgün
Hiçbir yere ait hissetmiyorum.,üzgün
"Yüzümdeki gülümseme, sadece maskem.",üzgün
"Kalbim ağırlaşıyor, bazen taşıyamıyorum.",üzgün
Hiç kimseye kendimi tam anlatamıyorum.,üzgün
İnsanların arasına karışmak istemiyorum artık.,üzgün
Herkese yetmeye çalışmak beni bitirdi.,üzgün
Yalnız olmak hem rahatlatıyor hem de acıtıyor.,üzgün
Güzel günlerin sadece geçmişte kaldığını düşünüyorum.,üzgün
"Geceleri daha çok üzülüyorum, çünkü sessizlik içimi deliyor.",üzgün
Her şey anlamını yitirmiş gibi.,üzgün
Kendimi sürekli suçlu hissediyorum.,üzgün
İçimdeki acıyı tarif edecek kelime bulamıyorum.,üzgün
Yaşadığım hiçbir şeyin anlamı yok gibi.,üzgün
Hayatın beni unuttuğunu hissediyorum.,üzgün
Geçmişin pişmanlıkları peşimi bırakmıyor.,üzgün
Kalbim kırıldı ama kimse bilmiyor.,üzgün
Konuşacak birinin olmaması beni daha da yalnız hissettiriyor.,üzgün
Hayatın beni sürüklediği yerde huzur yok.,üzgün
Kimseye yük olmak istemediğim için susuyorum.,üzgün
Kimse yanımda olmasa da alıştım artık.,üzgün
Aynaya baktığımda tanıyamadığım biri var.,üzgün
Ağlamak istiyorum ama gözyaşlarım bile kalmadı.,üzgün
"İnsanlarla arama duvarlar ördüm, daha az acıtıyor.",üzgün
Sessizliğe gömülmek istiyorum.,üzgün
Herkes yoluna devam ederken ben yerimde sayıyorum.,üzgün
Tek bir cümleyle paramparça olabiliyorum.,üzgün
Hatalarım yüzünden kendimi affedemiyorum.,üzgün
"Sürekli düşüyorum, toparlanamıyorum.",üzgün
Bazen sabah olmasın istiyorum.,üzgün
"Kendimi kaybettim, bulamıyorum.",üzgün
Kaybettiklerimi düşününce gözlerim doluyor.,üzgün
Hayat bana oyun oynuyor gibi geliyor.,üzgün
Ne yaparsam yapayım iyi hissetmiyorum.,üzgün
Hiçbir şeyin anlamı kalmadı.,üzgün
İçimdeki boşluk her geçen gün büyüyor.,üzgün
Elimden gelenin fazlasını yaptım ama yine de olmadı.,üzgün
Sanki dünyada fazlalık gibiyim.,üzgün
Sevdiğim insanlar yavaş yavaş uzaklaşıyor.,üzgün
Eski anılar aklıma geldikçe üzülüyorum.,üzgün
"Hayal kırıklıkları artık canımı acıtmıyor, alıştım.",üzgün
Her şeyin normale döneceği günü beklemekten yoruldum.,üzgün
Herkes mutlu ama ben hâlâ aynı yerdeyim.,üzgün
Kendimi çaresiz ve zayıf hissediyorum.,üzgün
Bazen yok olsam kimse fark etmezmiş gibi geliyor.,üzgün
Dışarıda gülüyorum ama içim ağlıyor.,üzgün
Sevgiye inancımı yitirdim.,üzgün
Kendimle bile konuşmak istemiyorum artık.,üzgün
Kalbim taş gibi ama yine de kırılıyor.,üzgün
Günden güne hayattan soğuyorum.,üzgün
Duygularımı sakladıkça daha çok birikiyor.,üzgün
Ne yaparsam yapayım mutlu olamıyorum.,üzgün
1. Gülümsemeyi unuttum sanki.,üzgün
Hayatın bana vereceği güzel bir şey kalmadı.,umutsuz
Elimden geleni yaptım ama yetmedi.,umutsuz
Sürekli aynı döngünün içinde boğuluyorum.,umutsuz
Ruhum çökmüş gibi hissediyorum.,umutsuz
Geçmişimden kurtulmak istiyorum ama gelecek de korkutuyor.,umutsuz
Gülmekten vazgeçeli uzun zaman oldu.,umutsuz
Her geçen gün daha çok tükeniyorum.,umutsuz
Umudun yıkılışı çok daha acı veriyor.,umutsuz
Bir şeyleri değiştirmek için gücüm kalmadı.,umutsuz
Kendi kendime tutunmaya çalışmaktan yoruldum.,umutsuz
Gülümsemek bile yorgunluk veriyor.,umutsuz
"Herkes mutlu gibi, sadece ben yapamıyorum.",umutsuz
"Kimse yardım etmiyor, zaten kimse umursamıyor.",umutsuz
Güzel şeylerin sadece başkalarına olduğunu düşünüyorum.,umutsuz
Artık umutlanmaktan korkuyorum.,umutsuz
"Sevmek, umut etmek, beklemek... hepsi yorucu geldi artık.",umutsuz
Hayatımı yeniden kurabilecek enerjiye sahip değilim.,umutsuz
Ne yaparsam yapayım olmuyor.,umutsuz
Her sabah uyanmak bir ceza gibi geliyor.,umutsuz
"Her şey fazlasıyla fazla, her şeyin yükü üstümde.",umutsuz
Artık hayal kurmayı bıraktım.,umutsuz
Zaman geçiyor ama ben geçmişte takılı kaldım.,umutsuz
İçimde hiçbir şeyin iyi olacağına dair his kalmadı.,umutsuz
Hayat bana karşı sanki özel olarak acımasız.,umutsuz
İnsanlar konuşuyor ama hiçbir şey değişmiyor.,umutsuz
"Kaybolmuş hissediyorum, yönümü bilmiyorum.",umutsuz
Kendimi boşlukta hissediyorum.,umutsuz
Bazen hiç uyanmasam daha iyi olur gibi geliyor.,umutsuz
"Nereye gitsem aynı his, hiçbir yere ait değilim.",umutsuz
Sevdiklerim bile uzaklaşıyor artık.,umutsuz
Umutsuzluk yavaş yavaş beni ele geçiriyor.,umutsuz
"Kendimi yok sayıyorum, çünkü kimse varlığımı fark etmiyor.",umutsuz
"Herkes yolunu buldu, ben yerimde sayıyorum.",umutsuz
Hiçbir yere ait hissetmemek çok yorucu.,umutsuz
Bir gün bile rahat nefes alamadım.,umutsuz
Çaba harcamak anlamsız geliyor.,umutsuz
Her şey üzerine kurulu ama hepsi çöküyor.,umutsuz
"İçim bomboş, hayata dair bir şey kalmamış.",umutsuz
Gelecek planı yapmak bana imkânsız geliyor.,umutsuz
"Her şey yokuş aşağı gidiyor, durduramıyorum.",umutsuz
Hiçbir çaba sonuç vermiyor.,umutsuz
Bir şeye başlayacak enerjim yok.,umutsuz
Sanki hiç kimse beni duymuyor.,umutsuz
Kimseye anlatacak halim kalmadı.,umutsuz
Sadece var oluyorum ama yaşamıyorum.,umutsuz
"Umutlarım tükendi, hayallerim soldu.",umutsuz
Kendime güvenim tamamen gitti.,umutsuz
En son ne zaman mutlu hissettim hatırlamıyorum.,umutsuz
"Kaybettiklerim geri gelmeyecek, bunu kabullenmek çok zor.",umutsuz
Gözümde her şey değersizleşti.,umutsuz
Çabalamaya değmeyeceğini öğrendim artık.,umutsuz
Kalabalıklar içinde yalnız olmak ne acı.,umutsuz
"İnsanlara umut vermek zorunda değilim, kendime bile veremiyorum.",umutsuz
Kendime bile inancım kalmadı.,umutsuz
Gittiğim her yol çıkmaz sokak.,umutsuz
İçimdeki ses bile artık susmuş gibi.,umutsuz
Güzel şeyler bana uğramıyor.,umutsuz
Ne kadar uğraşırsam uğraşayım olmuyor.,umutsuz
Her şey ters giderken güçlü kalmak mümkün değil.,umutsuz
İçimde kırık dökük bir enkaz var.,umutsuz
Günler geçiyor ama ben ilerleyemiyorum.,umutsuz
Yaşamak sadece sabretmek oldu.,umutsuz
Kırıldıkça tamir etmeye çalışmak ne kadar mantıklı?,umutsuz
Biri beni sarsıp “geçecek” dese bile inanmam.,umutsuz
Yaşamak artık sadece bir alışkanlık.,umutsuz
Her şey için çok geç olduğunu düşünüyorum.,umutsuz
İçimdeki karanlık hiç aydınlanmıyor.,umutsuz
Güven kaybı en çok beni yıktı.,umutsuz
Beni hayatta tutan hiçbir şey kalmadı gibi.,umutsuz
Ne bir hayalim kaldı ne de bir hedefim.,umutsuz
Kendi hayatımda bile misafirim gibi hissediyorum.,umutsuz
Sanki tüm dünya sırtıma binmiş gibi.,umutsuz
Sürekli geri düşmekten bıktım.,umutsuz
"Sesimi kimse duymuyor, çünkü bağıracak hâlim yok.",umutsuz
Ne zaman bir şey yoluna girse hemen bozuluyor.,umutsuz
Aynaya baktığımda tanıyamadığım biri var.,umutsuz
"Herkes hayata devam ediyor, ben hâlâ başa dönüyorum.",umutsuz
İstediğim şeylerin bana uzaklığı beni kahrediyor.,umutsuz
Hiçbir şey beni mutlu etmiyor.,umutsuz
"Sabretmenin bile bir sonu varmış, öğrendim.",umutsuz
"Hayatımda ışık yok, hep karanlık.",umutsuz
Tükenmişlik hissi her geçen gün daha da büyüyor.,umutsuz
İnsanlara güvenmekten vazgeçtim.,umutsuz
İçimdekileri anlatamamak beni daha da boğuyor.,umutsuz
"Hep yarım kalıyorum, tamamlanamıyorum.",umutsuz
Her adımda biraz daha geri çekiliyorum.,umutsuz
"Yorgun değilim, bitmiş gibiyim.",umutsuz
Beklentisiz yaşamak daha kolay ama çok acı.,umutsuz
Bu umutsuzluk beni yavaş yavaş yok ediyor.,umutsuz
Hiçbir şeyin düzeleceğine inancım kalmadı. Her sabah gözümü açtığımda bir yükle uyanıyorum.,umutsuz
Gelecek kelimesi bile kulağa boş geliyor artık. Umut kelimesiyle aram açıldı.,umutsuz
Yıllardır çabalıyorum ama hâlâ aynı yerdeyim. Artık bir anlamı kalmadı.,umutsuz
"Bazen, hiçbir şey yapmadan saatlerce tavana bakıyorum. İçimde en ufak bir kıpırtı bile yok.",umutsuz
"Kendimi sanki boşlukta düşüyormuş gibi hissediyorum, tutunacak hiçbir şey yok.",umutsuz
"Kendimi bu dünyanın fazlası gibi hissediyorum. Sanki herkes bir rol oynuyor, ben sahnenin dışında kalmışım.",umutsuz
"Hayat sadece geçip gidiyor, ben ise sadece izliyorum. Ne hissettiğim bile belli değil artık.",umutsuz
"Sadece bir gün huzurlu uyanmak istiyorum. Savaşmadan, yorulmadan, ağlamadan.",umutsuz
İnsanlar bana güçlü olduğumu söylüyor ama ben her gün içimde yavaş yavaş yok oluyorum.,umutsuz
"Ne kadar çabalasam da hiçbir şey değişmiyor. Belki de sorun bende, bilmiyorum artık.",umutsuz
Artık gülümsemek bile yorucu geliyor. Sanki her şey sadece rol yapmaktan ibaret.,umutsuz
Sebepsiz bir huzursuzluk içimi kemiriyor.,huzursuz
Her an kötü bir haber alacakmışım gibi hissediyorum.,huzursuz
Gün boyu hiçbir şey yapmasam da içim daralıyor.,huzursuz
Midemde sürekli bir sıkışma hissi var.,huzursuz
Bir şey olacakmış gibi tedirgin hissediyorum.,huzursuz
Olaylara normal tepki veremiyorum.,huzursuz
Kalbim hızlı atıyor ama nedenini bilmiyorum.,huzursuz
"Aşırı duyarlıyım, her şey batıyor.",huzursuz
İçimde sürekli bir gerginlik var.,huzursuz
İçime sinmeyen bir şeyler var ama ne olduğunu bilmiyorum.,huzursuz
Etrafımdaki sesler bile beni rahatsız ediyor.,huzursuz
Küçük kararlar bile beni strese sokuyor.,huzursuz
Her an kötü bir şey olacakmış gibi bekliyorum.,huzursuz
Odanın havası bile boğucu geliyor.,huzursuz
Uyurken bile rahat hissedemiyorum.,huzursuz
Kendimi sürekli takip ediliyormuş gibi hissediyorum.,huzursuz
Oturduğum yerde bile içimde bir huzursuzluk var.,huzursuz
Etrafımdaki düzen bile içimi sıkıyor.,huzursuz
Sessizlik artık bana huzur değil baskı veriyor.,huzursuz
Plan dışı her şey beni tedirgin ediyor.,huzursuz
İnsanlarla birlikteyken bile rahatsızım.,huzursuz
"Derin bir huzursuzluk hissi, tarif edemiyorum.",huzursuz
"Yerimde duramıyorum, içim kıpır kıpır ama kötü anlamda.",huzursuz
İnsanlara bir şey anlatmak içimi daha da daraltıyor.,huzursuz
Kendi evimde bile güvende hissetmiyorum.,huzursuz
Sürekli üstümde bir baskı hissi var.,huzursuz
Her şeyi kontrol etmek zorunda hissediyorum.,huzursuz
Çevremdeki insanların ne düşündüğünü takıntı haline getirdim.,huzursuz
Sabah kalktığımda içimde bir ağırlık oluyor.,huzursuz
Eşyaların yerini değiştirince bile geriliyorum.,huzursuz
Küçük şeyler bile kafama takılıyor.,huzursuz
Belirsizlik dayanılmaz hale geliyor.,huzursuz
Sakin kalmak imkânsız gibi.,huzursuz
Gözlerim açık ama hiçbir şey görmüyormuşum gibi.,huzursuz
Kalabalıklar beni ciddi anlamda bunaltıyor.,huzursuz
Dışarı çıkmak istemiyorum ama evde kalmak da sıkıyor.,huzursuz
Derin nefes alsam da rahatlayamıyorum.,huzursuz
Kendi düşüncelerimden bile huzursuz oluyorum.,huzursuz
İçimde tanımlayamadığım bir huzursuzluk var.,huzursuz
Sürekli bir karar verme baskısı var üzerimde.,huzursuz
Sürekli tetikte olmak inanılmaz yorucu.,huzursuz
Her şey kontrolüm dışında gelişiyor gibi.,huzursuz
Evde yalnız kalınca panik yapıyorum.,huzursuz
Kendimi sık sık nefes kontrolü yaparken buluyorum.,huzursuz
Kalabalık ortamlar mideme ağrılar sokuyor.,huzursuz
Gün boyunca diken üstünde gibi hissediyorum.,huzursuz
Her şey kontrolümden çıkacakmış gibi.,huzursuz
Sabah kalkınca bir sebep olmadan kalbim çarpıyor.,huzursuz
Sanki içimde bir şey eksik ama ne olduğunu bilmiyorum.,huzursuz
Etrafımdakiler mutlu ama ben hep huzursuzum.,huzursuz
Televizyonun sesi bile fazla geliyor artık.,huzursuz
Uyandığım anla birlikte huzursuzluk başlıyor.,huzursuz
Küçücük şeylere bile anında tepki veriyorum.,huzursuz
Hava bile boğucu geliyor bazı günler.,huzursuz
Kafamın içinde durmadan dönen düşünceler var.,huzursuz
Yemeğim bile içime sinmeden yiyorum.,huzursuz
Her şey yolunda gitse bile içim rahat değil.,huzursuz
Gün içinde birkaç kez titrediğimi fark ediyorum.,huzursuz
Gece yatağa yattığımda rahatlamak mümkün olmuyor.,huzursuz
Hemen sinirlenip sonra vicdan azabı duyuyorum.,huzursuz
İnsanların bana baktığını düşünüp huzursuz oluyorum.,huzursuz
Her şey sanki olması gerekenden farklı gibi.,huzursuz
Fiziksel olarak bir sorun yok ama hep diken üstündeyim.,huzursuz
Aynaya bakmak istemediğim zamanlar oluyor.,huzursuz
Etraftaki hareketler bile beni rahatsız ediyor.,huzursuz
Her kararın sonucu kötü olacakmış gibi geliyor.,huzursuz
Durduk yere boğazım düğümleniyor.,huzursuz
Koltukta bile otururken içim rahat değil.,huzursuz
"İçimde bir sıkışma var, geçmek bilmiyor.",huzursuz
Uyuyamadan saatlerce dönüp duruyorum.,huzursuz
Sürekli bir şey unutuyormuşum hissi.,huzursuz
En basit şeyler bile içime dert oluyor.,huzursuz
Aklımda bir sürü ihtimal var ve hepsi kötü.,huzursuz
Korkacak bir şey yokken bile içim daralıyor.,huzursuz
İçsel bir huzura o kadar uzağım ki...,huzursuz
Kendi içimde sıkışıp kalmış gibiyim.,huzursuz
Müzik bile artık sakinleştirmiyor.,huzursuz
Çevremdeki gürültü sinir bozucu geliyor.,huzursuz
Otobüste bile bir an önce inmek istiyorum.,huzursuz
Gece sessizliği bile tehdit gibi geliyor.,huzursuz
İnsanların konuşması içimi sıkıyor.,huzursuz
Her hareketimi kontrol etmeye çalışıyorum.,huzursuz
Sessizliğe kaçmak istiyorum ama orada da rahat değilim.,huzursuz
Rahatlamaya çalıştıkça daha da geriliyorum.,huzursuz
Hiçbir yerde tam anlamıyla rahat hissedemiyorum.,huzursuz
Zihnim sürekli senaryolar kuruyor.,huzursuz
Gün içinde sebepsiz bir huzursuzluk gelip geçiyor.,huzursuz
Bir türlü kendimi bırakıp gevşeyemiyorum.,huzursuz
Sanki biri beni izliyormuş gibi hissediyorum.,huzursuz
Gün bitince bile rahatlamıyorum.,huzursuz
İç sesim sürekli konuşuyor ve susmuyor.,huzursuz
Aynı düşünceler defalarca kafamda dönüyor.,huzursuz
Gelecek düşüncesi içimi daraltıyor.,huzursuz
O kadar dikkatliyim ki bu bile yoruyor.,huzursuz
Aniden ağlayacak gibi hissediyorum.,huzursuz
Sadece oturmak bile rahatsız hissettiriyor.,huzursuz
Kendimi yatıştırmakta çok zorlanıyorum.,huzursuz
Elim titriyor ama nedenini bilmiyorum.,huzursuz
İçimden hiçbir şey yapmak gelmiyor ama yatınca huzursuzum.,huzursuz
 Huzur kelimesi bile uzak bir hayal gibi geliyor.,huzursuz
